"p_val","avg_log2FC","pct.1","pct.2","p_val_adj","cluster","gene"
0,11.0753638200256,0.883,0.001,0,"30","SPRR3"
0,10.154314369768,0.37,0,0,"30","NDUFC2-KCTD14"
0,9.48001064415543,0.611,0.001,0,"30","RPL36A-HNRNPH2"
0,9.16816758977495,0.975,0.004,0,"30","MUC21"
0,9.11418877244033,0.5,0.001,0,"30","POC1B-GALNT4"
0,8.92111713771577,0.623,0.001,0,"30","LUZP6"
0,8.63988937090386,0.981,0.005,0,"30","CEACAM5"
0,8.6220229618196,0.457,0.001,0,"30","OVCA2"
0,8.60588787131991,0.488,0.001,0,"30","CCL22"
0,8.58229046915909,0.636,0.001,0,"30","PIGY"
0,8.44109608356453,0.265,0.001,0,"30","EIF3CL"
0,8.35859999407545,0.426,0.001,0,"30","ST20-MTHFS"
0,8.29270744615326,1,0.033,0,"30","PSCA"
0,8.20007259111154,0.846,0.001,0,"30","SLX1B"
0,8.06260252050232,1,0.015,0,"30","FCRLB"
0,7.90101956522156,0.815,0.003,0,"30","FUT6"
0,7.87275259045017,0.488,0.001,0,"30","GREM2"
0,7.81206596395588,0.494,0.001,0,"30","BCL2L2-PABPN1"
0,7.78695642930259,0.519,0.001,0,"30","MRLN"
0,7.76133627259936,0.864,0.002,0,"30","HIST2H2AA3"
0,7.64841056607078,0.914,0.003,0,"30","BOLA2"
0,7.62773474143294,0.284,0.001,0,"30","HTD2"
0,7.59713505100479,0.216,0,0,"30","COMMD3-BMI1"
0,7.43597236640412,0.944,0.01,0,"30","NLRP7"
0,7.37271268708267,0.494,0.002,0,"30","TNFSF13"
0,7.22362135191929,0.296,0.001,0,"30","RPL17-C18orf32"
0,7.12445257991603,1,0.072,0,"30","CEACAM6"
0,6.98213684848312,0.457,0.001,0,"30","IGLL5"
0,6.97712735005289,0.932,0.006,0,"30","TOMM6"
0,6.82500095480884,0.926,0.012,0,"30","UPK3BL1"
0,6.69786981494294,0.346,0.002,0,"30","PDF"
0,6.66283321585876,0.321,0.001,0,"30","SERF1B"
0,6.62561727582069,0.537,0.004,0,"30","SLCO1B3"
0,6.6222291138237,1,0.073,0,"30","NME2"
0,6.59828185770252,0.593,0.005,0,"30","NPIPB3"
0,6.57363434293562,1,0.052,0,"30","EEF1G"
0,6.40280148988142,0.475,0.003,0,"30","PARM1"
0,6.27742048544575,0.432,0.001,0,"30","LIME1"
0,6.27221554322094,0.531,0.005,0,"30","DBNDD2"
0,6.17554762739693,0.648,0.004,0,"30","CAPN14"
0,6.14379115311061,0.747,0.009,0,"30","BSCL2"
0,6.14267887646863,0.272,0.001,0,"30","RPS10-NUDT3"
0,6.11701414543855,0.241,0.001,0,"30","NPIPA8"
0,6.04676480427223,0.846,0.005,0,"30","SLX1A"
0,6.00959730015845,0.704,0.011,0,"30","SERPINB5"
0,5.95847242587055,1,0.052,0,"30","AGR2"
0,5.88963012857075,0.253,0.002,0,"30","CEACAM7"
0,5.83287442152189,0.364,0.002,0,"30","SLC28A1"
0,5.82840488574692,0.593,0.009,0,"30","TREX1"
0,5.81406088875346,0.747,0.014,0,"30","FAM3D"
0,16.1095681900903,0.344,0,0,"29","AMY1C"
0,14.4960713522693,0.74,0.001,0,"29","AMY1A"
0,14.0802575962048,0.288,0,0,"29","AMY1B"
0,11.1987575046466,0.6,0,0,"29","FMO3"
0,10.4152546684457,0.935,0.003,0,"29","C4A"
0,9.63756484408723,0.94,0.002,0,"29","HIST2H2AA3"
0,9.50953931204698,0.498,0.001,0,"29","PIGY"
0,9.17071264349031,0.4,0.001,0,"29","LUZP6"
0,8.98158804912144,0.228,0.001,0,"29","OVCA2"
0,8.73499105492676,0.344,0.001,0,"29","ST20-MTHFS"
0,8.6385834240854,0.423,0.001,0,"29","BCL2L2-PABPN1"
0,8.61181913705065,0.312,0.001,0,"29","RPL36A-HNRNPH2"
0,7.93048548579738,0.237,0.001,0,"29","POC1B-GALNT4"
0,7.79849507362857,0.242,0.001,0,"29","SERF1B"
0,7.67051909136842,0.2,0.001,0,"29","RPL17-C18orf32"
0,7.46278804312774,0.558,0.004,0,"29","NPIPB3"
0,7.23963617501833,0.27,0.001,0,"29","NPIPA8"
0,7.17060636237433,0.34,0.003,0,"29","TMEM35B"
0,6.80780428836594,0.242,0.001,0,"29","RPS10-NUDT3"
0,6.72029830619641,0.656,0.006,0,"29","TOMM6"
0,6.68248135017464,0.595,0.003,0,"29","BOLA2"
0,6.60484192755795,0.233,0.001,0,"29","NPIPA7"
0,6.52822234005574,0.358,0.004,0,"29","SCGB2A2"
0,6.503539825927,0.363,0.007,0,"29","AKAP2"
0,6.49522139552568,1,0.052,0,"29","EEF1G"
0,6.35890944670899,0.326,0.002,0,"29","SULT1A4"
0,6.26136839142578,0.395,0.005,0,"29","DBNDD2"
0,6.22411918226509,0.312,0.002,0,"29","SLX1B"
0,5.97369993603993,0.977,0.072,0,"29","NME2"
0,5.924456748902,0.242,0.002,0,"29","LIME1"
0,5.89703919498502,0.237,0.004,0,"29","SLCO1B3"
0,5.64241742206396,0.419,0.01,0,"29","BSCL2"
0,5.50288821496522,0.46,0.023,0,"29","EPGN"
0,5.47521584209671,0.205,0,0,"29","AMY2A"
0,5.45625003257387,0.549,0.003,0,"29","MUCL1"
0,5.38927961771637,0.265,0.006,0,"29","NOMO2"
0,5.38030868605855,0.256,0.006,0,"29","DIABLO"
0,5.32792339666097,0.451,0.016,0,"29","CYP51A1"
0,5.19037413788546,0.442,0.011,0,"29","NLRP7"
0,4.93904362732727,0.488,0.02,0,"29","TXNDC5"
0,4.84583900106391,0.381,0.004,0,"29","SNURF"
0,4.75905027127277,1,0.284,0,"29","CFB"
0,4.70734720707887,0.423,0.011,0,"29","SMN2"
0,4.65754430830823,0.498,0.016,0,"29","MRPS24"
0,4.63769866951159,0.609,0.029,0,"29","TRAPPC5"
0,4.56509744512407,0.591,0.019,0,"29","ITLN1"
0,4.55995553516587,0.391,0.013,0,"29","SCO2"
0,4.52385938538138,0.34,0.008,0,"29","RBM14-RBM4"
0,4.46837821079256,0.242,0.017,0,"29","INMT"
0,4.42273893958891,0.377,0.016,0,"29","ERCC5"
0,8.201695921778,0.707,0.008,0,"27","ATP6V0C"
0,8.11974882552081,0.78,0.003,0,"27","MTRNR2L10"
0,7.69111379435805,0.551,0.004,0,"27","PABPC3"
0,7.06395643539761,0.698,0.005,0,"27","NACA2"
0,7.02016433277988,0.304,0.002,0,"27","MTRNR2L6"
0,6.37284935198361,0.504,0.006,0,"27","TOMM6"
0,6.16803919696021,0.236,0.005,0,"27","DBNDD2"
0,6.10869938211846,0.233,0.003,0,"27","TKTL1"
0,5.92594588406781,0.956,0.011,0,"27","MTRNR2L8"
0,5.86837244134708,0.698,0.006,0,"27","H3F3C"
0,5.68407162036311,0.793,0.02,0,"27","CALB1"
0,5.62163735314088,0.837,0.025,0,"27","IFI30"
0,5.54762472375265,0.394,0.011,0,"27","GET4"
0,5.45590316627898,0.359,0.003,0,"27","PPIAL4G"
0,5.44051704237914,0.892,0.015,0,"27","MTRNR2L1"
0,5.36154200570896,0.368,0.012,0,"27","SCO2"
0,5.27620188777203,0.996,0.084,0,"27","IGF2"
0,5.22604919402074,0.648,0.007,0,"27","EDARADD"
0,5.12695211140626,0.518,0.015,0,"27","CA2"
0,5.08072315284952,0.905,0.05,0,"27","EEF1G"
0,5.00608188503381,0.275,0.016,0,"27","CYP51A1"
0,4.8202528868586,0.256,0.01,0,"27","BCKDHA"
0,4.81353942810419,0.396,0.033,0,"27","PNOC"
0,4.66366930238011,0.885,0.155,0,"27","GABARAP"
0,4.43929570471817,0.2,0.009,0,"27","ABCB1"
0,4.41249021546827,0.476,0.039,0,"27","MRPL53"
0,4.29014384103432,0.434,0.028,0,"27","TRAPPC5"
0,4.26015289059584,0.72,0.067,0,"27","HIST1H1E"
0,4.13135602944973,0.615,0.049,0,"27","RBM34"
0,4.0304570241928,0.714,0.103,0,"27","BIK"
0,3.92723487759672,0.315,0.028,0,"27","C17orf49"
0,3.86851086683563,0.319,0.022,0,"27","TUBB3"
0,3.72883511141798,0.846,0.124,0,"27","MATR3"
0,3.68917913576132,0.509,0.057,0,"27","NGRN"
0,3.48309647267044,0.577,0.069,0,"27","SARNP"
0,3.41656686350577,0.531,0.039,0,"27","ZC3H11A"
0,3.38663690717746,0.306,0.02,0,"27","MAN2B1"
0,3.37656192950681,0.458,0.032,0,"27","HYPK"
0,3.28699846269428,0.209,0.015,0,"27","ZNF410"
0,3.2852451870516,0.63,0.061,0,"27","HIST2H2AC"
0,3.24487945462624,0.264,0.035,0,"27","AKT3"
0,3.17259432079346,0.253,0.032,0,"27","MEF2C"
0,3.1563343678445,0.824,0.231,0,"27","HIST1H4C"
0,3.10203938000693,0.273,0.031,0,"27","DDX47"
0,3.07363586357529,0.22,0.019,0,"27","NDOR1"
0,3.05791567001596,0.447,0.075,0,"27","LEMD1"
0,2.99863706111639,0.626,0.05,0,"27","VCAN"
0,2.99434527725277,0.366,0.031,0,"27","HIST1H2BK"
0,2.9160451845077,0.969,0.153,0,"27","ALDOA"
0,2.87336012443662,0.46,0.057,0,"27","HIST1H1D"
0,9.5970624168689,0.336,0.001,0,"31","KCNA6"
0,8.10194774238305,0.205,0,0,"31","DCAF4L2"
0,7.66407801718638,0.959,0.007,0,"31","TOMM6"
0,7.54227119063252,0.938,0.004,0,"31","PPIAL4G"
0,7.5393935655013,0.671,0.005,0,"31","XAGE5"
0,7.36587706500543,0.986,0.005,0,"31","MTRNR2L10"
0,7.33132925523771,0.253,0.001,0,"31","RPL10L"
0,6.89219498804606,0.233,0,0,"31","GAGE12J"
0,6.7443728759338,0.89,0.005,0,"31","PABPC3"
0,6.74393035687293,0.322,0.001,0,"31","SSX1"
0,6.66103514854412,0.973,0.006,0,"31","NACA2"
0,6.5864247802306,0.774,0.005,0,"31","DBNDD2"
0,6.5470053587278,0.685,0.003,0,"31","MTRNR2L6"
0,6.36583594820818,0.534,0.003,0,"31","TMEM35B"
0,6.24153310139931,0.986,0.028,0,"31","IFI30"
0,6.01525101666653,0.329,0.003,0,"31","C11orf52"
0,5.84700921556551,0.527,0.006,0,"31","DIABLO"
0,5.59541023993,0.377,0.002,0,"31","TAC1"
0,5.55780407776024,0.76,0.012,0,"31","PDCL2"
0,5.30376729082172,0.212,0,0,"31","GAGE1"
0,5.26558120334368,0.986,0.014,0,"31","MTRNR2L8"
0,5.26527906764003,0.418,0.004,0,"31","CSNK2A3"
0,5.24294130345429,0.774,0.009,0,"31","BSCL2"
0,5.15950542322304,0.527,0.002,0,"31","MTRNR2L3"
0,5.12964946695979,0.993,0.118,0,"31","CPVL"
0,5.0478709262622,0.932,0.008,0,"31","H3F3C"
0,4.96554997804562,0.445,0.004,0,"31","MFAP4"
0,4.93017005811762,0.479,0.001,0,"31","PAGE1"
0,4.89822258902514,0.952,0.033,0,"31","HYPK"
0,4.85435181666641,0.253,0.005,0,"31","CHST4"
0,4.84606041702219,0.39,0.004,0,"31","MAP1LC3B2"
0,4.79534577953072,0.918,0.04,0,"31","MRPL53"
0,4.72556955092361,0.479,0.002,0,"31","IGLL5"
0,4.72005618459657,0.26,0.002,0,"31","SERPINA3"
0,4.70964830806844,0.986,0.052,0,"31","EEF1G"
0,4.59849750385376,0.418,0.008,0,"31","ST6GALNAC2"
0,4.53320503930816,0.589,0.002,0,"31","GAGE10"
0,4.42757607864785,0.925,0.026,0,"31","SLC26A7"
0,4.40879633044774,0.274,0.005,0,"31","C7orf25"
0,4.37889006501129,0.795,0.017,0,"31","CNTD2"
0,4.34342176718766,0.479,0.011,0,"31","CCDC152"
0,4.3058861582343,0.884,0.009,0,"31","EDARADD"
0,4.24468051146821,0.438,0.007,0,"31","CYYR1"
0,4.23521608877707,0.993,0.233,0,"31","HIST1H4C"
0,4.22111307308138,0.966,0.069,0,"31","HIST1H1E"
0,4.21060249178354,0.986,0.471,0,"31","TAX1BP1"
0,4.20557085187427,0.801,0.029,0,"31","TRAPPC5"
0,4.19806548245487,0.705,0.01,0,"31","ATP6V0C"
0,4.19247850336251,0.493,0.005,0,"31","FOLR2"
0,4.08181355802086,0.514,0.012,0,"31","IGFLR1"
0,7.09912856870087,0.431,0.007,0,"5","HOXA9"
0,5.16443132013135,0.388,0.03,0,"5","HOXA5"
0,5.14909275174955,0.239,0.011,0,"5","TRHDE"
0,4.5994845205555,0.395,0.038,0,"5","HOXA3"
0,4.55723104108099,0.284,0.028,0,"5","HOXA4"
0,4.37503210482856,0.228,0.025,0,"5","AJAP1"
0,4.24536013967534,0.572,0.07,0,"5","NAT8L"
0,4.14867215358366,0.257,0.026,0,"5","NDUFA4L2"
0,3.84692069645261,0.54,0.119,0,"5","SLC25A38"
0,3.67397066088737,0.319,0.058,0,"5","LCN12"
0,3.51191437577548,0.531,0.119,0,"5","ADRA2C"
0,3.47344314104503,0.486,0.082,0,"5","GDF15"
0,3.2829591619243,0.269,0.051,0,"5","COL9A2"
0,3.25780916817077,0.512,0.148,0,"5","MTMR12"
0,3.19915745155709,0.603,0.15,0,"5","SLC12A7"
0,3.09405434754661,0.349,0.066,0,"5","COL23A1"
0,3.0250883391078,0.538,0.146,0,"5","TRAK1"
0,3.00251562843272,0.705,0.268,0,"5","RAI14"
0,2.9968598518601,0.55,0.16,0,"5","MYO10"
0,2.9956432447121,0.207,0.069,0,"5","SYT8"
0,2.98985316335966,0.614,0.234,0,"5","ATF5"
0,2.97959007274069,0.426,0.143,0,"5","PLOD1"
0,2.95363585029837,0.529,0.156,0,"5","EXOC3"
0,2.89864474063097,0.21,0.057,0,"5","LRP2"
0,2.84114605690112,0.681,0.241,0,"5","MACC1"
0,2.83027902077093,0.21,0.064,0,"5","FAM171A2"
0,2.76593930023118,0.304,0.09,0,"5","TRIB3"
0,2.76125310514166,0.634,0.227,0,"5","HSPG2"
0,2.73127067233931,0.762,0.253,0,"5","BRD9"
0,2.72745831514983,0.271,0.054,0,"5","SAP25"
0,2.71235256205672,0.424,0.155,0,"5","RAB11FIP4"
0,2.67000175897572,0.224,0.055,0,"5","LRRIQ1"
0,2.6516727971536,0.641,0.263,0,"5","SLC2A1"
0,2.62042512486347,0.487,0.17,0,"5","HES4"
0,2.61233496151638,0.776,0.294,0,"5","COL18A1"
0,2.60919918979269,0.29,0.077,0,"5","GCNT2"
0,2.55838308640306,0.898,0.459,0,"5","ITGB8"
0,2.55021095158468,0.216,0.07,0,"5","ARID3A"
0,2.52910262322087,0.481,0.204,0,"5","SDHA"
0,2.52663379173001,0.249,0.095,0,"5","RPS6KA2"
0,2.5111790954768,0.263,0.102,0,"5","CREB5"
0,2.48087529715791,0.413,0.158,0,"5","SKAP2"
0,2.46902718880892,0.241,0.078,0,"5","INTU"
0,2.46659699776734,0.769,0.367,0,"5","NIPBL"
0,2.46383581735324,0.293,0.1,0,"5","RGL3"
0,2.45175789470148,0.282,0.114,0,"5","NTN4"
0,2.44653604529946,0.419,0.165,0,"5","LNPEP"
0,2.43758814608828,0.575,0.237,0,"5","SPECC1"
0,2.40685818511463,0.26,0.107,0,"5","NREP"
0,2.40676691029288,0.399,0.144,0,"5","MBD6"
0,8.94635230975113,0.446,0.001,0,"32","KCNA6"
0,8.20434112583645,0.992,0.005,0,"32","PABPC3"
0,7.46812972261279,0.694,0.005,0,"32","XAGE5"
0,6.99232901285678,0.992,0.007,0,"32","TOMM6"
0,6.86099883236463,0.372,0.001,0,"32","TM4SF18"
0,6.8261757861699,1,0.005,0,"32","MTRNR2L10"
0,6.55316910847763,0.248,0.001,0,"32","SSX1"
0,6.25975824530188,0.24,0.001,0,"32","PGAM4"
0,6.25641954627839,1,0.087,0,"32","IGF2"
0,6.23212948454347,0.554,0.003,0,"32","MTRNR2L6"
0,6.21143887646365,0.843,0.004,0,"32","PPIAL4G"
0,6.16467624213349,0.942,0.007,0,"32","NACA2"
0,6.15688229547846,0.372,0.003,0,"32","C11orf52"
0,6.06752737663764,0.248,0.001,0,"32","SEPT5"
0,6.02094082589071,0.702,0.005,0,"32","DBNDD2"
0,5.74620546098782,0.364,0.003,0,"32","TMEM35B"
0,5.57684010698728,0.38,0.003,0,"32","PLAC1"
0,5.55771146160338,1,0.053,0,"32","EEF1G"
0,5.47249655352136,1,0.118,0,"32","CPVL"
0,5.32330132074279,0.669,0.012,0,"32","PDCL2"
0,5.26040085774202,0.769,0.01,0,"32","BSCL2"
0,5.25903416985015,0.207,0.002,0,"32","TCEAL5"
0,5.14459741600919,0.331,0.002,0,"32","TAC1"
0,5.11173512967736,0.488,0.004,0,"32","INSL6"
0,5.0144447567134,0.595,0.006,0,"32","DIABLO"
0,4.97783741311178,0.942,0.026,0,"32","MAP4K1"
0,4.93560974087792,0.463,0.001,0,"32","PAGE1"
0,4.92852858799234,0.843,0.013,0,"32","TMEM100"
0,4.91095777415673,0.405,0.002,0,"32","MTRNR2L3"
0,4.88212983351834,0.686,0.02,0,"32","TXNDC5"
0,4.82758641576418,0.438,0.004,0,"32","CSNK2A3"
0,4.77296704507828,1,0.014,0,"32","MTRNR2L8"
0,4.74579140954755,0.926,0.01,0,"32","ATP6V0C"
0,4.6993445747736,0.347,0.005,0,"32","C7orf25"
0,4.51348692165812,0.339,0.006,0,"32","ABCB6"
0,4.51246623138004,0.273,0.004,0,"32","MAP1LC3B2"
0,4.45353221979375,0.256,0.005,0,"32","TEX15"
0,4.42580289527913,0.777,0.012,0,"32","GET4"
0,4.40163780548095,0.231,0.005,0,"32","ZNF23"
0,4.38557604750469,0.876,0.008,0,"32","H3F3C"
0,4.38247445561939,0.678,0.011,0,"32","CCDC152"
0,4.37639439037706,0.661,0.01,0,"32","KANK4"
0,4.32085846933822,0.967,0.033,0,"32","PNOC"
0,4.30905520839879,0.446,0.007,0,"32","CTNND2"
0,4.30545719646044,0.488,0.007,0,"32","PRSS50"
0,4.29876478932575,0.926,0.009,0,"32","EDARADD"
0,4.29743242425181,0.207,0.002,0,"32","JAKMIP2"
0,4.28266005387624,0.95,0.033,0,"32","HYPK"
0,4.27223441007956,0.876,0.028,0,"32","MBNL3"
0,4.26501910233273,0.207,0.004,0,"32","CTNNA2"
0,9.72642354072291,0.286,0,0,"18","DEFB123"
0,7.85408262672217,0.322,0,0,"18","TBX10"
0,5.56438440630845,0.501,0.01,0,"18","ITGA10"
0,5.02025543380098,0.251,0.011,0,"18","MTRNR2L8"
0,4.9283267425934,0.22,0.009,0,"18","ECE2"
0,4.80309583470309,0.451,0.021,0,"18","MAGEA4"
0,4.50302825267943,0.395,0.016,0,"18","LBHD1"
0,4.46770700131966,0.89,0.143,0,"18","ALDOA"
0,4.24218284949315,0.224,0.01,0,"18","SCO2"
0,4.03891431794346,0.24,0.01,0,"18","MYOM1"
0,3.99306775475325,0.313,0.084,0,"18","IGF2"
0,3.92705406825365,0.212,0.011,0,"18","PRR4"
0,3.74817504232764,0.33,0.013,0,"18","BEX1"
0,3.51513683704054,0.987,0.644,0,"18","RPL23A"
0,3.48802237989978,0.382,0.036,0,"18","ALDOC"
0,3.45108883660406,0.881,0.285,0,"18","RAB34"
0,3.33365566419689,0.459,0.046,0,"18","RAD50"
0,3.29882172048164,0.295,0.038,0,"18","RNASEH2A"
0,3.26960774289476,0.318,0.031,0,"18","BOLA2-SMG1P6"
0,3.25812934754072,0.692,0.165,0,"18","SDF2"
0,3.20713060339409,0.26,0.028,0,"18","HIST1H2BK"
0,3.05411349867898,0.365,0.035,0,"18","ZC3H11A"
0,3.04399337526446,0.574,0.096,0,"18","PIGS"
0,3.01983428113333,0.462,0.049,0,"18","SRCAP"
0,2.98576523086318,0.248,0.031,0,"18","TCEAL2"
0,2.94714549453622,0.561,0.104,0,"18","ERAL1"
0,2.92486662532895,0.336,0.037,0,"18","EGLN2"
0,2.85872086106347,0.574,0.119,0,"18","TNFAIP1"
0,2.84913906003638,0.67,0.152,0,"18","TNNT1"
0,2.81735469793983,0.76,0.187,0,"18","SUPT6H"
0,2.75991143258413,0.418,0.054,0,"18","FBXO17"
0,2.75010338255358,0.222,0.06,0,"18","KRT81"
0,2.72565576873467,0.404,0.071,0,"18","LEMD1"
0,2.71693548953138,0.384,0.081,0,"18","TLCD1"
0,2.70506268863915,0.506,0.063,0,"18","PCSK1N"
0,2.64732925260192,0.681,0.163,0,"18","KIAA0100"
0,2.54637872626184,0.511,0.118,0,"18","AK6"
0,2.49224419928518,0.211,0.023,0,"18","RAD51B"
0,2.48288248160968,0.799,0.265,0,"18","TRAF4"
0,2.46450971695415,0.643,0.102,0,"18","U2AF1"
0,2.46427250403342,0.47,0.097,0,"18","UNC119"
0,2.46043024473404,0.674,0.117,0,"18","MATR3"
0,2.45722277625295,0.324,0.083,0,"18","FAM107A"
0,2.41734582957569,0.501,0.121,0,"18","POLD4"
0,2.41252279597318,0.641,0.182,0,"18","POLDIP2"
0,2.38684990400178,0.67,0.317,0,"18","ID1"
0,2.37858839219238,0.349,0.089,0,"18","WIPI1"
0,2.34041512031166,0.408,0.093,0,"18","TMEM199"
0,2.24341873707243,0.983,0.769,0,"18","SLPI"
0,2.24200972727482,0.631,0.196,0,"18","IFT20"
0,4.02771780014963,0.213,0.02,0,"4","DMBT1"
0,3.63545132344475,0.482,0.136,0,"4","UBE2C"
0,2.89456997589388,0.303,0.11,0,"4","LRRC75A"
0,2.88623071424146,0.236,0.095,0,"4","PKP2"
0,2.81820691669621,0.628,0.294,0,"4","PDZK1IP1"
0,2.81451012059943,0.36,0.177,0,"4","GLOD4"
0,2.76544826658897,0.331,0.163,0,"4","PDLIM4"
0,2.68943833357866,0.278,0.107,0,"4","IGFBP7"
0,2.49651057726945,0.233,0.117,0,"4","TRNP1"
0,2.3835327042314,0.379,0.205,0,"4","IFITM1"
0,2.34583952122506,0.225,0.114,0,"4","PCLAF"
0,2.3327015738687,0.966,0.649,0,"4","IFI27"
0,2.30301128681212,0.377,0.225,0,"4","LAP3"
0,2.24857649438682,0.539,0.323,0,"4","SLC34A2"
0,2.21008413321446,0.303,0.179,0,"4","CKS2"
0,2.21002998242379,0.367,0.246,0,"4","USP1"
0,2.18686258043569,0.763,0.534,0,"4","YWHAE"
0,2.16360489282042,0.941,0.654,0,"4","LY6E"
0,2.13784961703388,0.209,0.147,0,"4","IFNGR1"
0,2.13548874699345,0.404,0.212,0,"4","HMGB2"
0,2.09282454085279,0.258,0.139,0,"4","C2orf88"
0,2.0778505431696,0.465,0.226,0,"4","HLA-DPA1"
0,2.07376246454004,0.353,0.237,0,"4","PSMB9"
0,2.0688204666279,0.292,0.155,0,"4","HLA-DPB1"
0,2.06868130036915,0.304,0.222,0,"4","NXN"
0,2.05173179847383,0.449,0.309,0,"4","UBE2S"
0,1.99051767791919,0.597,0.418,0,"4","SDC4"
0,1.97605453641673,0.306,0.176,0,"4","PTTG1"
0,1.91945237171651,0.212,0.19,0,"4","MRPS35"
0,1.8868335440894,0.376,0.283,0,"4","B4GALT1"
0,1.87320950759619,0.854,0.619,0,"4","YBX1"
0,1.79539195468813,0.275,0.239,0,"4","ANXA4"
0,1.79537087438011,0.268,0.134,0,"4","HLA-DRB5"
0,1.75687620366067,0.893,0.544,0,"4","ISG15"
0,1.73186954926194,0.282,0.253,0,"4","CNN3"
0,1.72090239260776,0.287,0.208,0,"4","LYPD1"
0,1.71620304316315,0.274,0.14,0,"4","MKI67"
0,1.70720398211433,0.343,0.305,0,"4","PSMB8"
0,1.69646983316012,0.228,0.152,0,"4","VPS53"
0,1.68579334356543,0.341,0.228,0,"4","TACC1"
0,1.66229016512984,0.321,0.21,0,"4","FABP5"
3.49065709670526e-09,1.64442532080189,0.211,0.216,6.42001653226032e-05,"4","HIGD1A"
0,1.6184113005852,0.66,0.4,0,"4","HLA-DRA"
0,1.61111996649007,0.408,0.218,0,"4","SLC40A1"
0,1.57653755147581,0.285,0.249,0,"4","CKS1B"
0,1.5735902769801,0.726,0.42,0,"4","IFI6"
0,1.53564795151806,0.222,0.207,0,"4","TAP1"
1.11022302462516e-15,1.51349945864869,0.208,0.196,2.04192218689059e-11,"4","SUCO"
0,1.49782490239286,0.35,0.247,0,"4","BCAT1"
2.81901568754961e-09,1.47353409183376,0.252,0.272,5.18473365254124e-05,"4","ABRACL"
0,7.17836451862232,0.416,0.012,0,"8","C1QA"
0,7.14903290289577,0.399,0.011,0,"8","C1QB"
0,7.14421312655708,0.32,0.003,0,"8","MS4A7"
0,7.11893947189145,0.362,0.004,0,"8","CD300E"
0,6.99104692032986,0.478,0.008,0,"8","STAB1"
0,6.96042761250182,0.438,0.005,0,"8","SIGLEC1"
0,6.91332174313968,0.297,0.003,0,"8","FPR3"
0,6.90827497595373,0.278,0.005,0,"8","C1QC"
0,6.8005873075716,0.386,0.004,0,"8","LILRB2"
0,6.76367612166333,0.308,0.004,0,"8","FCGR1A"
0,6.75434540638082,0.358,0.004,0,"8","MS4A4A"
0,6.71614536111515,0.68,0.013,0,"8","CD163"
0,6.70181989158271,0.2,0.002,0,"8","TFEC"
0,6.70114070504237,0.441,0.009,0,"8","FCN1"
0,6.69684081496143,0.257,0.003,0,"8","CD86"
0,6.6834019206755,0.397,0.005,0,"8","C3AR1"
0,6.67606160662044,0.425,0.006,0,"8","MS4A6A"
0,6.6671145108483,0.31,0.003,0,"8","LILRB4"
0,6.64586169955722,0.253,0.003,0,"8","LILRB1"
0,6.63647057079545,0.266,0.005,0,"8","FPR1"
0,6.62629302213265,0.273,0.003,0,"8","TREM2"
0,6.58631311692119,0.282,0.006,0,"8","EPB41L3"
0,6.52999788753504,0.644,0.013,0,"8","FCGR3A"
0,6.52709949654258,0.381,0.005,0,"8","CSF1R"
0,6.52551671305314,0.517,0.009,0,"8","CYBB"
0,6.52326128818304,0.386,0.008,0,"8","FCGR2A"
0,6.50686101857277,0.289,0.005,0,"8","OLR1"
0,6.50379448067633,0.242,0.003,0,"8","CD93"
0,6.47202284294583,0.51,0.014,0,"8","CLEC7A"
0,6.46494714179107,0.225,0.003,0,"8","CLEC10A"
0,6.46493392074748,0.42,0.007,0,"8","VSIG4"
0,6.46336815672624,0.511,0.009,0,"8","SPI1"
0,6.45038874640861,0.765,0.022,0,"8","LYZ"
0,6.44240785112732,0.283,0.005,0,"8","CD36"
0,6.43157791449654,0.217,0.005,0,"8","HCK"
0,6.43079533611357,0.375,0.006,0,"8","LAIR1"
0,6.40615886540664,0.326,0.006,0,"8","ITGAM"
0,6.29303158686172,0.404,0.008,0,"8","CCR1"
0,6.27120931923656,0.499,0.01,0,"8","MSR1"
0,6.2622542284735,0.814,0.057,0,"8","CD14"
0,6.25310206364904,0.773,0.024,0,"8","AIF1"
0,6.23846209907669,0.228,0.004,0,"8","MPEG1"
0,6.2187132316687,0.241,0.007,0,"8","TREM1"
0,6.20711547916946,0.571,0.026,0,"8","SLC11A1"
0,6.17975059198884,0.88,0.097,0,"8","SPP1"
0,6.17618099387733,0.216,0.003,0,"8","RNASE6"
0,6.15453548478692,0.211,0.005,0,"8","LRRC25"
0,6.1434334030264,0.399,0.03,0,"8","APOC1"
0,6.11577647698491,0.441,0.008,0,"8","MNDA"
0,6.10821766850058,0.425,0.013,0,"8","ADAP2"
0,9.17271669110103,0.45,0.001,0,"15","CD3D"
0,8.71397541827851,0.203,0.002,0,"15","FGFBP2"
0,8.49877029073241,0.337,0.002,0,"15","CD3G"
0,8.04035557389563,0.228,0.002,0,"15","CD8A"
0,7.71846127575389,0.264,0.002,0,"15","CXCR3"
0,7.38940494892516,0.236,0.003,0,"15","BCL11B"
0,7.34997026724273,0.202,0.002,0,"15","ITK"
0,7.32163455961778,0.387,0.009,0,"15","IL7R"
0,7.17968548887156,0.368,0.005,0,"15","ITM2A"
0,7.00206095550508,0.255,0.003,0,"15","GZMH"
0,6.94230278219277,0.389,0.003,0,"15","CD3E"
0,6.85429406258347,0.245,0.005,0,"15","CD6"
0,6.58138602318275,0.327,0.004,0,"15","GZMK"
0,6.39263168224942,0.343,0.005,0,"15","S1PR4"
0,6.38368325422198,0.224,0.003,0,"15","RHOH"
0,6.28022433947815,0.44,0.006,0,"15","CD2"
0,6.06744877505427,0.437,0.017,0,"15","RNF125"
0,5.99969565341155,0.252,0.007,0,"15","PDE3B"
0,5.79138848833692,0.716,0.04,0,"15","CXCR4"
0,5.76145019110057,0.431,0.007,0,"15","CD247"
0,5.7171275165556,0.373,0.008,0,"15","GIMAP7"
0,5.57331605831442,0.342,0.006,0,"15","GZMM"
0,5.42366334014531,0.252,0.008,0,"15","CD96"
0,5.40452173098141,0.409,0.028,0,"15","LTB"
0,5.34633150278974,0.251,0.008,0,"15","GNG2"
0,5.21488484669917,0.475,0.016,0,"15","IKZF1"
0,5.19456141277323,0.234,0.008,0,"15","PTPN22"
0,5.18916191008001,0.326,0.016,0,"15","BCL2"
0,5.17078927277497,0.335,0.012,0,"15","CST7"
0,5.1641666494527,0.222,0.008,0,"15","ARHGAP9"
0,5.10995195352998,0.427,0.03,0,"15","RUNX3"
0,5.10706566523661,0.228,0.01,0,"15","TAGAP"
0,5.05712110804594,0.333,0.012,0,"15","CYTIP"
0,5.05582479262815,0.401,0.008,0,"15","GZMA"
0,4.92156432799096,0.204,0.008,0,"15","ITGA4"
0,4.90498709320453,0.6,0.064,0,"15","ETS1"
0,4.85429765223511,0.399,0.014,0,"15","CD48"
0,4.84593569973923,0.378,0.018,0,"15","CD69"
0,4.71371333069974,0.357,0.011,0,"15","CTSW"
0,4.6950245891111,0.276,0.016,0,"15","PRDM1"
0,4.56547773882636,0.658,0.035,0,"15","CD52"
0,4.5347896577896,0.473,0.026,0,"15","CD37"
0,4.51064404258886,0.266,0.013,0,"15","IL2RG"
0,4.49070532719049,0.208,0.008,0,"15","GZMB"
0,4.45318756808971,0.237,0.007,0,"15","KLRB1"
0,4.43910870464185,0.404,0.022,0,"15","IL10RA"
0,4.37069043156133,0.465,0.013,0,"15","NKG7"
0,4.3699746358476,0.205,0.019,0,"15","FGD3"
0,4.32732855412754,0.236,0.019,0,"15","ACAP1"
0,4.25850778789386,0.236,0.021,0,"15","SYTL3"
0,5.16315321986227,0.278,0.025,0,"23","COL22A1"
0,4.22060796832376,0.377,0.06,0,"23","SLC7A2"
0,3.97622240654725,0.217,0.025,0,"23","KCNJ16"
0,3.49300031925723,0.247,0.047,0,"23","FN3K"
0,3.48318310248856,0.524,0.137,0,"23","CPM"
0,3.2961436975462,0.429,0.097,0,"23","ARL17A"
0,3.26040480844829,0.25,0.048,0,"23","SULT1C2"
0,3.16006358815493,0.215,0.038,0,"23","PREX2"
0,3.12591999960616,0.495,0.133,0,"23","RIMKLB"
0,3.03885653580871,0.238,0.056,0,"23","PTPRM"
0,3.03792234630542,0.212,0.053,0,"23","GULP1"
0,3.03089667245464,0.276,0.07,0,"23","STEAP2"
0,2.98894369279262,0.225,0.065,0,"23","IL15"
0,2.97153687320808,0.597,0.145,0,"23","IGFBP5"
0,2.92813927923676,0.37,0.1,0,"23","PCNX2"
0,2.89627851793061,0.214,0.053,0,"23","STRADA"
0,2.88734880615228,0.371,0.107,0,"23","DNAH14"
0,2.88482797285492,0.305,0.072,0,"23","MCOLN3"
0,2.86630918984056,0.2,0.057,0,"23","CTTNBP2"
0,2.86414957797747,0.399,0.155,0,"23","GCLM"
0,2.85892180097784,0.326,0.085,0,"23","CLEC2D"
0,2.83560959111595,0.419,0.123,0,"23","PRH1"
0,2.81556471738672,0.314,0.097,0,"23","FZD3"
0,2.81279132204971,0.203,0.057,0,"23","BMPR1B"
0,2.80478620895539,0.347,0.11,0,"23","KLHL42"
0,2.77862854734837,0.324,0.108,0,"23","EPB41L5"
0,2.77619096551102,0.231,0.069,0,"23","TSEN2"
0,2.76779343017167,0.35,0.114,0,"23","PRKAA2"
0,2.70933562489297,0.422,0.141,0,"23","ITPR2"
0,2.61514635149259,0.429,0.149,0,"23","LRP6"
0,2.60442991701878,0.327,0.13,0,"23","EPS8"
0,2.59343955260947,0.611,0.248,0,"23","ARIH1"
0,2.59229863202184,0.24,0.087,0,"23","ANGEL2"
0,2.59080986276389,0.21,0.077,0,"23","LMCD1"
0,2.58601239086752,0.352,0.136,0,"23","LPGAT1"
0,2.56582848337204,0.283,0.099,0,"23","SESTD1"
0,2.55856346016768,0.516,0.199,0,"23","CPEB4"
0,2.55830614364216,0.405,0.119,0,"23","DDHD1"
0,2.55111225930171,0.54,0.234,0,"23","ARL16"
0,2.54489272012908,0.228,0.098,0,"23","GCLC"
0,2.52687569156005,0.275,0.113,0,"23","AACS"
0,2.51784304643696,0.314,0.126,0,"23","MIA2"
0,2.50460199870075,0.216,0.092,0,"23","NRP1"
0,2.48473011194211,0.764,0.366,0,"23","DLG1"
0,2.46778427439921,0.668,0.24,0,"23","IFI44L"
0,2.4658014535861,0.218,0.083,0,"23","SORBS2"
0,2.46168097279546,0.464,0.19,0,"23","PIAS1"
0,2.44916508586726,0.309,0.121,0,"23","SIPA1L2"
0,2.43655537366314,0.285,0.121,0,"23","PYROXD1"
0,2.42851129490326,0.354,0.109,0,"23","RNF212"
0,10.1140763305704,0.595,0.001,0,"25","KLRC1"
0,9.91498441089748,0.284,0.001,0,"25","SH2D1B"
0,9.40256852824762,0.6,0.002,0,"25","XCL2"
0,8.82219475441608,0.734,0.004,0,"25","IL2RB"
0,8.6189405864096,0.823,0.012,0,"25","GNLY"
0,8.54997953390573,0.493,0.005,0,"25","XCL1"
0,8.46039403489493,0.306,0.001,0,"25","TMIGD2"
0,7.77122930958151,0.265,0.001,0,"25","NCR3"
0,7.73818197473404,0.874,0.009,0,"25","KLRD1"
0,7.63987558243039,0.312,0.002,0,"25","PTGDR"
0,7.61482109135926,0.761,0.007,0,"25","PRF1"
0,7.55931746807461,0.744,0.007,0,"25","KLRB1"
0,7.54364814681541,0.954,0.016,0,"25","NKG7"
0,7.08739623560758,0.802,0.014,0,"25","CTSW"
0,7.03121876196598,0.506,0.007,0,"25","MATK"
0,6.93000202280357,0.78,0.012,0,"25","GZMA"
0,6.85229470506956,0.593,0.009,0,"25","GZMB"
0,6.79424960845943,0.474,0.006,0,"25","SAMD3"
0,6.76945228147284,0.485,0.011,0,"25","TNFRSF18"
0,6.62212473876068,0.4,0.014,0,"25","KLRF1"
0,6.49036288857437,0.55,0.015,0,"25","CD38"
0,6.33756832469805,0.787,0.038,0,"25","CD7"
0,6.32420157776395,0.685,0.015,0,"25","CST7"
0,6.29655398677324,0.371,0.006,0,"25","PYHIN1"
0,6.29066489483242,0.588,0.01,0,"25","GZMM"
0,6.26862662601734,0.216,0.003,0,"25","EOMES"
0,6.0648289960582,0.616,0.013,0,"25","CD247"
0,5.99565573182078,0.439,0.01,0,"25","CD96"
0,5.96757759328898,0.282,0.005,0,"25","TIGIT"
0,5.86796602459388,0.279,0.006,0,"25","AOAH"
0,5.85896129056893,0.466,0.023,0,"25","HOPX"
0,5.84581119135494,0.554,0.02,0,"25","ACAP1"
0,5.83095810235787,0.235,0.005,0,"25","SLA2"
0,5.81567456811152,0.222,0.005,0,"25","ZAP70"
0,5.74824414622475,0.412,0.013,0,"25","TXK"
0,5.7129216996133,0.33,0.008,0,"25","LCK"
0,5.6434614350273,0.351,0.008,0,"25","TRAF3IP3"
0,5.64086303978284,0.215,0.005,0,"25","TNFRSF4"
0,5.56251073870518,0.346,0.015,0,"25","IKZF3"
0,5.55203587633548,0.284,0.007,0,"25","RASAL3"
0,5.54013957956007,0.33,0.007,0,"25","GIMAP1"
0,5.51826890236352,0.555,0.023,0,"25","CD69"
0,5.49657044464052,0.244,0.006,0,"25","SLFN12L"
0,5.46683513078521,0.5,0.013,0,"25","CD2"
0,5.45672723283168,0.213,0.005,0,"25","SH2D1A"
0,5.43576117393979,0.473,0.013,0,"25","GIMAP7"
0,5.42185090226651,0.613,0.058,0,"25","APOBEC3G"
0,5.41978581525393,0.448,0.009,0,"25","GZMK"
0,5.35352395164764,0.548,0.021,0,"25","ALOX5AP"
0,5.2676662208877,0.289,0.008,0,"25","STAT4"
0,4.72509334820672,0.517,0.063,0,"1","SST"
0,3.31378356667923,0.25,0.041,0,"1","OXTR"
0,3.30518213893772,0.505,0.123,0,"1","IGFBP5"
0,2.83341456354279,0.29,0.086,0,"1","ERP27"
0,2.81596902131285,0.707,0.377,0,"1","H2AFJ"
0,2.76132504703684,0.273,0.084,0,"1","ANXA6"
0,2.62765948875182,0.459,0.156,0,"1","MT1H"
0,2.59363504453982,0.425,0.164,0,"1","KRT23"
0,2.48299666931115,0.222,0.09,0,"1","LARP6"
0,2.4269274682373,0.696,0.293,0,"1","MT1G"
0,2.34356649896198,0.264,0.105,0,"1","RAB40B"
0,2.26191917140452,0.219,0.103,0,"1","ETFRF1"
0,2.22923437966056,0.661,0.438,0,"1","MLF2"
0,2.19770816325379,0.678,0.399,0,"1","LDHB"
0,2.17668976890319,0.431,0.177,0,"1","PEG10"
0,2.17248934758976,0.253,0.115,0,"1","SLC25A10"
0,2.13743870644472,0.262,0.134,0,"1","RAMP1"
0,2.10022822551379,0.245,0.134,0,"1","DOK5"
0,2.00846941102148,0.762,0.456,0,"1","CLU"
0,2.00286419419744,0.203,0.1,0,"1","LRIF1"
0,1.9832057268311,0.363,0.223,0,"1","MGST1"
0,1.97991353640844,0.515,0.347,0,"1","MRPL12"
0,1.96230751457614,0.273,0.163,0,"1","EVA1B"
0,1.94022456740778,0.351,0.214,0,"1","STARD10"
0,1.91373487950259,0.716,0.501,0,"1","MIF"
0,1.90739248455247,0.39,0.147,0,"1","UCHL1"
0,1.89009727186062,0.305,0.177,0,"1","EPHX1"
0,1.88965259121468,0.257,0.171,0,"1","TEN1"
0,1.88067810069856,0.244,0.139,0,"1","ELP5"
0,1.87878383406793,0.209,0.1,0,"1","RASSF8"
0,1.84938572424011,0.232,0.125,0,"1","EPS8"
0,1.84664515528009,0.264,0.137,0,"1","PSAT1"
0,1.83145882414407,0.579,0.417,0,"1","BRK1"
0,1.8255815623577,0.884,0.673,0,"1","TPI1"
0,1.82167387103753,0.233,0.15,0,"1","SRD5A3"
0,1.81713285304412,0.409,0.265,0,"1","ZNF428"
0,1.80426530040657,0.992,0.917,0,"1","GAPDH"
0,1.80292244131647,0.388,0.151,0,"1","IGFBP4"
0,1.80026455300397,0.255,0.156,0,"1","SIPA1"
0,1.7884333705528,0.497,0.365,0,"1","TXNDC17"
0,1.77093598711228,0.23,0.144,0,"1","TUBA4A"
0,1.76350963640084,0.413,0.294,0,"1","EI24"
0,1.74974953056224,0.323,0.196,0,"1","ARL8B"
0,1.73043428170544,0.22,0.131,0,"1","DEFB1"
0,1.72628574693815,0.853,0.578,0,"1","IGFBP2"
0,1.71428210939068,0.207,0.104,0,"1","TSPAN13"
0,1.71339292512249,0.537,0.365,0,"1","FKBP4"
0,1.71227371660502,0.411,0.16,0,"1","APOA1"
0,1.70397838619612,0.32,0.188,0,"1","BIN1"
0,1.6990706003513,0.557,0.419,0,"1","BANF1"
0,6.47647310689218,0.234,0.018,0,"13","RBFOX1"
0,6.2559231260774,0.316,0.022,0,"13","GRIA2"
0,5.51247903586112,0.308,0.033,0,"13","PDGFRA"
0,5.27252981195463,0.43,0.049,0,"13","PAPPA"
0,5.0318166682593,0.252,0.035,0,"13","PIEZO2"
0,4.98395581818135,0.231,0.032,0,"13","THBS2"
0,4.81792135246748,0.281,0.042,0,"13","CDON"
0,4.79191712995902,0.28,0.041,0,"13","CDH11"
0,4.69744075365377,0.37,0.062,0,"13","ST3GAL5"
0,4.64312087732626,0.301,0.061,0,"13","PDLIM3"
0,4.60322721044219,0.281,0.042,0,"13","FLRT2"
0,4.50071659507329,0.35,0.058,0,"13","ALDH1A3"
0,4.45371614651597,0.403,0.049,0,"13","VCAM1"
0,4.43920455933291,0.444,0.069,0,"13","CEMIP"
0,4.32509849094271,0.438,0.088,0,"13","MTSS1"
0,4.17065478342158,0.239,0.046,0,"13","ABI3BP"
0,4.16581393047825,0.261,0.055,0,"13","DDR2"
0,4.14851074034372,0.495,0.076,0,"13","MAF"
0,4.13227895221699,0.283,0.064,0,"13","LAMA4"
0,4.09104754986623,0.279,0.056,0,"13","MCTP2"
0,4.06938988775673,0.277,0.048,0,"13","COL5A1"
0,4.04879991193674,0.47,0.104,0,"13","MEIS2"
0,4.0074491987508,0.3,0.073,0,"13","FAM126A"
0,3.91558853859246,0.645,0.154,0,"13","PLAT"
0,3.84528217892354,0.227,0.058,0,"13","SOX6"
0,3.76734903916762,0.335,0.1,0,"13","BNC2"
0,3.76375883930907,0.234,0.053,0,"13","SLC2A3"
0,3.76016519279891,0.207,0.058,0,"13","FRAS1"
0,3.75754505535564,0.526,0.08,0,"13","DAB2"
0,3.7524651691061,0.424,0.081,0,"13","CA12"
0,3.74544784871909,0.26,0.057,0,"13","DOCK5"
0,3.73142669592428,0.355,0.103,0,"13","PLAGL1"
0,3.72784090353282,0.218,0.052,0,"13","ITGA5"
0,3.72509180380571,0.255,0.076,0,"13","ADAMTS9"
0,3.71272437757054,0.212,0.061,0,"13","TNXB"
0,3.58684673791144,0.287,0.045,0,"13","SERPINE1"
0,3.55866112649651,0.245,0.081,0,"13","LIF"
0,3.53871666220967,0.397,0.128,0,"13","COBLL1"
0,3.52594824090554,0.298,0.11,0,"13","CCNYL1"
0,3.50759330207203,0.318,0.105,0,"13","MYLK"
0,3.47485779071758,0.299,0.09,0,"13","TCF4"
0,3.4171154437105,0.348,0.138,0,"13","SLC16A1"
0,3.41264801004339,0.321,0.062,0,"13","AQP1"
0,3.40797949879891,0.422,0.068,0,"13","PTGIS"
0,3.39385897916845,0.227,0.058,0,"13","MST1"
0,3.39203522034024,0.23,0.078,0,"13","SPRED1"
0,3.35903141510581,0.215,0.049,0,"13","DES"
0,3.35669349832009,0.802,0.19,0,"13","CCDC80"
0,3.35142956740953,0.265,0.075,0,"13","COL6A2"
0,3.23925145243577,0.523,0.101,0,"13","COL1A1"
0,3.22418178329097,0.223,0.069,0,"6","NAA16"
0,3.0390561377492,0.36,0.127,0,"6","EZH2"
0,2.91279475804782,0.377,0.129,0,"6","HELLS"
0,2.81367154764435,0.932,0.6,0,"6","CCNL1"
0,2.75869048011991,0.267,0.131,0,"6","TFAP2A"
0,2.70736669793123,0.244,0.139,0,"6","RIPK2"
0,2.56220416369681,0.409,0.235,0,"6","HSPA1A"
0,2.54099330748077,0.202,0.107,0,"6","NAALADL2"
0,2.50534103085919,0.3,0.15,0,"6","IGF2BP3"
0,2.49280879763934,0.638,0.39,0,"6","IRF1"
0,2.44237449949719,0.475,0.287,0,"6","FMR1"
0,2.40500251767236,0.218,0.109,0,"6","PTBP2"
0,2.35603398719827,0.294,0.194,0,"6","ITSN2"
0,2.35049198030294,0.289,0.185,0,"6","ARMC8"
0,2.3447746422495,0.725,0.426,0,"6","IGF2BP2"
0,2.33564139257995,0.404,0.318,0,"6","ERO1A"
0,2.31550990507026,0.212,0.122,0,"6","USP31"
0,2.3073054259231,0.494,0.346,0,"6","DNAJB11"
0,2.30197637209658,0.439,0.276,0,"6","POLR2B"
0,2.28139787094604,0.244,0.135,0,"6","ZCCHC8"
0,2.2674172242334,0.289,0.163,0,"6","WEE1"
0,2.24019768869819,0.297,0.133,0,"6","NPIPB5"
0,2.23735405898233,0.633,0.399,0,"6","PRPF4B"
0,2.23412455877631,0.23,0.136,0,"6","ATR"
0,2.2326116383022,0.285,0.178,0,"6","PLK3"
0,2.23035965341255,0.22,0.143,0,"6","NUP160"
0,2.2267004503338,0.23,0.156,0,"6","KDM3A"
0,2.22058713761352,0.762,0.5,0,"6","TRA2B"
0,2.15772366144329,0.26,0.198,0,"6","MAFF"
0,2.14161653118791,0.205,0.107,0,"6","U2AF1"
0,2.13680959655843,0.245,0.163,0,"6","IL1RAP"
0,2.13093312107335,0.231,0.14,0,"6","THOC1"
0,2.12868378927621,0.749,0.488,0,"6","SRSF10"
0,2.128342318294,0.205,0.169,0,"6","HSPA1B"
0,2.12738098691097,0.201,0.132,0,"6","PHF10"
0,2.10590228157609,0.488,0.328,0,"6","TRIM56"
0,2.09842811694603,0.22,0.165,0,"6","ATL2"
0,2.08692313941633,0.387,0.278,0,"6","DHX15"
0,2.0742203452766,0.236,0.153,0,"6","PDK1"
0,2.04571177928981,0.34,0.206,0,"6","ATAD2"
0,2.03823007437787,0.563,0.408,0,"6","WDR45B"
0,2.02207243458891,0.316,0.189,0,"6","RNPC3"
0,2.00966350583638,0.262,0.176,0,"6","TOPBP1"
0,2.00252917386041,0.294,0.215,0,"6","HLTF"
0,2.00191648896724,0.315,0.226,0,"6","LUC7L2"
0,1.99908658883523,0.318,0.211,0,"6","ZNF655"
0,1.99811498153818,0.328,0.25,0,"6","TRIM8"
0,1.98873501828568,0.35,0.214,0,"6","AHI1"
0,1.98741086948006,0.353,0.247,0,"6","LRRC58"
0,1.98437037960824,0.204,0.138,0,"6","HPS4"
0,4.3439516875884,0.212,0.018,0,"2","ANKRD18A"
0,4.22185536538383,0.235,0.029,0,"2","KLK1"
0,3.93539754029604,0.256,0.028,0,"2","DNHD1"
0,3.86492483625682,0.22,0.024,0,"2","CCNE2"
0,3.33836741446415,0.253,0.036,0,"2","FAM111B"
0,3.25768848719682,0.346,0.063,0,"2","CLSPN"
0,3.18659858779786,0.26,0.04,0,"2","CDCA7"
0,3.17277915177481,0.316,0.063,0,"2","BRCA1"
0,3.16155354884678,0.35,0.054,0,"2","KNTC1"
0,3.10222101292238,0.278,0.05,0,"2","XRCC2"
0,3.07858210674902,0.25,0.041,0,"2","WDR62"
0,3.07532122103515,0.309,0.081,0,"2","DNAJA4"
0,3.03068262062409,0.233,0.045,0,"2","CDC6"
0,3.02549552947595,0.346,0.07,0,"2","TNFRSF25"
0,2.94498332819184,0.228,0.054,0,"2","TFCP2L1"
0,2.92147384926851,0.755,0.314,0,"2","UBE2G2"
0,2.90190262549817,0.372,0.08,0,"2","C21orf58"
0,2.89241136183323,0.314,0.076,0,"2","MCM8"
0,2.82710218764181,0.34,0.076,0,"2","RRM2"
0,2.8262224972616,0.204,0.05,0,"2","ADAT1"
0,2.79778826745306,0.306,0.058,0,"2","POLQ"
0,2.69857709109866,0.38,0.09,0,"2","TYMS"
0,2.60942885652301,0.661,0.22,0,"2","OGT"
0,2.54845934682468,0.326,0.092,0,"2","ZDHHC23"
0,2.54833349317492,0.468,0.128,0,"2","PABPC1L"
0,2.54705989523887,0.379,0.097,0,"2","DDX11"
0,2.54666745918618,0.331,0.089,0,"2","E2F1"
0,2.54347372468836,0.231,0.059,0,"2","HAUS5"
0,2.53986951805293,0.236,0.055,0,"2","ZNF789"
0,2.50984453651241,0.2,0.057,0,"2","HSPBAP1"
0,2.47590872392767,0.217,0.065,0,"2","CDCA5"
0,2.47348408355367,0.479,0.159,0,"2","TOPBP1"
0,2.45066432941088,0.205,0.054,0,"2","PAN2"
0,2.44296543706396,0.571,0.208,0,"2","MCM7"
0,2.44265756790472,0.247,0.057,0,"2","CFAP44"
0,2.42711434897119,0.331,0.109,0,"2","NUP155"
0,2.42511320696655,0.392,0.135,0,"2","ZNF121"
0,2.41817598108604,0.433,0.117,0,"2","EZH2"
0,2.41193217486546,0.407,0.127,0,"2","ATAD3B"
0,2.40846371581306,0.212,0.069,0,"2","FANCL"
0,2.40684344925288,0.271,0.072,0,"2","TAF1C"
0,2.4047897378241,0.279,0.073,0,"2","POLE"
0,2.37549243720584,0.247,0.065,0,"2","EIF3C"
0,2.3586179807579,0.36,0.128,0,"2","ASNS"
0,2.35689920528347,0.263,0.071,0,"2","GEN1"
0,2.3375327538758,0.267,0.082,0,"2","RAD51AP1"
0,2.30860707337919,0.491,0.193,0,"2","ATAD2"
0,2.29932381858445,0.295,0.118,0,"2","URB1"
0,2.29569863536452,0.383,0.123,0,"2","ATR"
0,2.29352064573432,0.314,0.116,0,"2","PCNT"
0,3.22622129693284,0.206,0.101,0,"9","CCHCR1"
0,3.11292145965684,0.213,0.065,0,"9","KCNC3"
0,3.06230655682241,0.266,0.097,0,"9","GABRE"
0,2.89737372468489,0.304,0.114,0,"9","LONRF2"
0,2.86006101671889,0.399,0.194,0,"9","KIFC2"
0,2.8278233064183,0.315,0.15,0,"9","VPS53"
0,2.82680020880317,0.388,0.233,0,"9","LRRC41"
0,2.77823531773488,0.226,0.101,0,"9","RPGR"
0,2.7402147653355,0.485,0.233,0,"9","PGGHG"
0,2.61423121146009,0.278,0.131,0,"9","ARL5B"
0,2.60225722797091,0.315,0.193,0,"9","ARFGAP1"
0,2.59964770317653,0.218,0.078,0,"9","COL27A1"
0,2.57020431034553,0.29,0.133,0,"9","WDR90"
0,2.55096810931717,0.568,0.318,0,"9","LENG8"
0,2.52153565387832,0.278,0.153,0,"9","PRUNE2"
0,2.51154355767716,0.286,0.139,0,"9","C18orf25"
0,2.48217481399384,0.256,0.131,0,"9","USP53"
0,2.47558385984924,0.211,0.111,0,"9","ACAP3"
0,2.46806707939905,0.208,0.11,0,"9","LPIN3"
0,2.37572027000558,0.225,0.135,0,"9","RIMKLB"
0,2.3111196045319,0.537,0.318,0,"9","MROH1"
0,2.29909568528272,0.207,0.126,0,"9","SERINC5"
0,2.28194799957267,0.323,0.196,0,"9","SLC25A29"
0,2.27731838430564,0.216,0.159,0,"9","ATP11A"
0,2.27299014716077,0.258,0.123,0,"9","MYEF2"
0,2.2413561102023,0.414,0.247,0,"9","ARIH1"
0,2.22094505057314,0.259,0.215,0,"9","FBXO32"
0,2.21433032696201,0.291,0.136,0,"9","FOSB"
0,2.19213838062415,0.26,0.138,0,"9","MBD5"
0,2.14670526845975,0.214,0.129,0,"9","RNF217"
0,2.1381702432144,0.417,0.29,0,"9","INPPL1"
0,2.12593801741934,0.302,0.196,0,"9","BICD1"
0,2.1237747442223,0.231,0.138,0,"9","MTHFR"
0,2.10625367545471,0.387,0.24,0,"9","IFI44L"
0,2.08876878287361,0.3,0.201,0,"9","PTPN14"
0,2.08763365631359,0.215,0.129,0,"9","ZNF431"
0,2.08438093086475,0.351,0.205,0,"9","CREBZF"
0,2.07721151439465,0.621,0.436,0,"9","TAF1D"
0,2.07633836473181,0.282,0.215,0,"9","PARP10"
0,2.07560209087266,0.338,0.197,0,"9","PIAS2"
0,2.07020399435663,0.321,0.21,0,"9","TSHZ2"
0,2.05340173778776,0.296,0.179,0,"9","ZNF587"
0,2.03780568906897,0.297,0.209,0,"9","PTP4A3"
0,2.02258954609189,0.347,0.275,0,"9","AKAP12"
0,2.02188481535936,0.597,0.38,0,"9","ARID1B"
0,2.01916902427079,0.278,0.158,0,"9","SHPRH"
0,2.01271650174946,0.201,0.131,0,"9","ATF7IP2"
0,2.00845794440078,0.402,0.302,0,"9","HOOK2"
0,2.00072203493198,0.313,0.175,0,"9","INTS6"
0,1.99762563258443,0.317,0.224,0,"9","SMAD2"
0,6.36499238145633,0.606,0.025,0,"3","FGFBP1"
0,5.58208217424079,0.702,0.05,0,"3","ACTA2"
0,5.23898287162907,0.308,0.017,0,"3","PCP4"
0,5.16624219948055,0.39,0.023,0,"3","KRT14"
0,5.05464714431476,0.693,0.062,0,"3","CALML5"
0,4.41959124187211,0.343,0.044,0,"3","KRT81"
0,4.31563126396149,0.323,0.02,0,"3","PQLC2L"
0,4.15585673890302,0.306,0.019,0,"3","ANKRD2"
0,4.09453439638707,0.874,0.218,0,"3","TAGLN"
0,3.3406297888506,0.362,0.047,0,"3","TNNC1"
0,3.29419343588507,0.3,0.038,0,"3","CYP4B1"
0,3.28376725779952,0.244,0.027,0,"3","PPP1R1A"
0,3.02843049293725,0.794,0.214,0,"3","KLK5"
0,3.01409029059091,0.27,0.046,0,"3","AARD"
0,2.89091614141816,0.847,0.266,0,"3","TPM2"
0,2.87004001616518,0.358,0.078,0,"3","MESP1"
0,2.85844930643402,0.578,0.09,0,"3","LRRC75A"
0,2.79745446992529,0.545,0.109,0,"3","MT1M"
0,2.77908897825144,0.814,0.244,0,"3","S100A1"
0,2.72940616329342,0.228,0.041,0,"3","GSTT2B"
0,2.52014053679996,0.319,0.07,0,"3","KRT6A"
0,2.47729139580139,0.871,0.395,0,"3","MYL9"
0,2.4484658745195,0.433,0.101,0,"3","TIMP3"
0,2.43475880369695,0.353,0.064,0,"3","WNT7A"
0,2.36375834792644,0.865,0.432,0,"3","CYCS"
0,2.3516655528698,0.281,0.071,0,"3","DNAJB13"
0,2.31515786765586,0.918,0.541,0,"3","UQCRH"
0,2.29301042220582,0.53,0.158,0,"3","PGM1"
0,2.23220201157997,0.285,0.06,0,"3","IMPA2"
0,2.19189967115349,0.364,0.086,0,"3","CAMK2N1"
0,2.19055222247474,0.212,0.053,0,"3","TGFB1I1"
0,2.17005683104195,0.333,0.101,0,"3","VGLL1"
0,2.11803521404267,0.397,0.108,0,"3","PPP1R14A"
0,2.10801607722003,0.635,0.221,0,"3","RAB4A"
0,2.0783658070929,0.249,0.059,0,"3","CCNB2"
0,2.06156196788418,0.7,0.257,0,"3","KLK10"
0,2.0561616124578,0.489,0.152,0,"3","HOMER3"
0,2.05494038269591,0.318,0.083,0,"3","GGH"
0,2.0469704992167,0.862,0.451,0,"3","TOMM7"
0,2.00122058418492,0.236,0.054,0,"3","HACD1"
0,1.96580818287752,0.714,0.293,0,"3","COX20"
0,1.95997606454905,0.579,0.198,0,"3","TIMM10"
0,1.95340764636763,0.201,0.045,0,"3","SUSD2"
0,1.94217778906349,0.658,0.267,0,"3","LSM2"
0,1.92902881193032,0.289,0.084,0,"3","ARL4D"
0,1.92318932886871,0.788,0.351,0,"3","CRIP1"
0,1.91659616963878,0.827,0.388,0,"3","S100A16"
0,1.91366065585757,0.53,0.165,0,"3","HMGB3"
0,1.88086764348437,0.623,0.24,0,"3","DNPH1"
0,1.85787433321729,0.404,0.101,0,"3","BIRC5"
0,7.53218384492259,0.548,0.007,0,"22","RBP2"
0,7.18433711930836,0.203,0.002,0,"22","SCNN1B"
0,6.29824225211192,0.392,0.009,0,"22","IL33"
0,5.95911468858687,0.492,0.021,0,"22","SERPINA5"
0,5.78583917719267,0.257,0.006,0,"22","TG"
0,5.50725767340559,0.322,0.007,0,"22","BHMT2"
0,5.11406927189978,0.249,0.008,0,"22","FIBIN"
0,5.10455463092124,0.511,0.023,0,"22","NPR3"
0,4.77467608156114,0.774,0.104,0,"22","ITGB6"
0,4.66233833656405,0.241,0.01,0,"22","STAC2"
0,4.64758420443861,0.694,0.067,0,"22","KRT5"
0,4.52853544891753,0.283,0.014,0,"22","PRKG1"
0,4.47821897239364,0.826,0.141,0,"22","LY6K"
0,4.35490631399547,0.358,0.029,0,"22","XKR4"
0,4.24527119645969,0.427,0.046,0,"22","AKR1C3"
0,4.22493440712412,0.371,0.018,0,"22","LMO3"
0,4.18864098722027,0.358,0.027,0,"22","CA9"
0,4.16732931343607,0.516,0.05,0,"22","IDO1"
0,4.14628779353966,0.261,0.006,0,"22","MAGEA1"
0,4.12341403970816,0.329,0.02,0,"22","CHST2"
0,4.10179779410478,0.931,0.313,0,"22","RARRES1"
0,3.97936569658115,0.321,0.026,0,"22","SYCE1L"
0,3.90471286888737,0.358,0.026,0,"22","STC1"
0,3.84092156301812,0.279,0.012,0,"22","HGD"
0,3.83621072739616,0.768,0.18,0,"22","S100A2"
0,3.78427422494804,0.315,0.005,0,"22","SIX3"
0,3.67920616541047,0.338,0.027,0,"22","BBOX1"
0,3.47512790559926,0.503,0.071,0,"22","HSPA2"
0,3.43366232611511,0.245,0.028,0,"22","CAVIN2"
0,3.27684235444653,0.358,0.035,0,"22","GPT"
0,3.24494380248005,0.607,0.137,0,"22","HES1"
0,3.20726575574691,0.281,0.048,0,"22","NR4A1"
0,3.18591606607425,0.709,0.237,0,"22","HIST1H1C"
0,3.17097616246333,0.647,0.121,0,"22","WLS"
0,3.12529482496105,0.377,0.082,0,"22","NR4A2"
0,3.09432012167231,0.506,0.08,0,"22","AGR3"
0,3.09162739404589,0.611,0.153,0,"22","ID3"
0,3.08265690882662,0.554,0.08,0,"22","FAM107A"
0,3.07180051506605,0.27,0.029,0,"22","RYR1"
0,3.05298472594762,0.222,0.037,0,"22","PTN"
0,3.04573435651665,0.252,0.029,0,"22","IRX3"
0,3.03594489526538,0.321,0.045,0,"22","RASIP1"
0,3.02444402339111,0.679,0.144,0,"22","GPNMB"
0,2.95280857795733,0.257,0.029,0,"22","SYTL4"
0,2.89559796573438,0.474,0.081,0,"22","STXBP6"
0,2.88375345613458,0.915,0.472,0,"22","CLU"
0,2.85479704158913,0.524,0.095,0,"22","VAV3"
0,2.84103189351811,0.285,0.038,0,"22","AMN1"
0,2.82216772193808,0.306,0.042,0,"22","OSR2"
0,2.79755373740417,0.205,0.02,0,"22","CPB1"
0,6.90971982201554,0.216,0.004,0,"11","NPY"
0,5.94125161166256,0.51,0.033,0,"11","B4GALNT3"
0,4.47379265337368,0.342,0.041,0,"11","MAP2"
0,4.34200686156855,0.34,0.056,0,"11","SLC6A12"
0,3.9839872807095,0.911,0.345,0,"11","WNK1"
0,3.95854876694564,0.234,0.038,0,"11","DPEP3"
0,3.90755060733222,0.877,0.155,0,"11","APOA1"
0,3.86406317465749,0.227,0.044,0,"11","CCDC77"
0,3.82742375825821,0.383,0.076,0,"11","DTNA"
0,3.52632012584676,0.646,0.182,0,"11","LAMA3"
0,3.40517950927984,0.655,0.148,0,"11","UCHL1"
0,3.36510882383369,0.344,0.093,0,"11","COL6A1"
0,3.32227761865022,0.208,0.051,0,"11","ALPL"
0,3.30398797726441,0.392,0.109,0,"11","ZNF692"
0,3.29063377082638,0.392,0.117,0,"11","ITFG2"
0,3.10670658461735,0.27,0.087,0,"11","SH3BP5L"
0,2.99321098498694,0.206,0.066,0,"11","HTR3A"
0,2.98906029555357,0.759,0.355,0,"11","KDM5A"
0,2.96414649824505,0.291,0.101,0,"11","TTC39C"
0,2.95940657233045,0.415,0.164,0,"11","OSBPL1A"
0,2.84337836754473,0.338,0.137,0,"11","MMP23B"
0,2.82085449215556,0.271,0.088,0,"11","RNF43"
0,2.81554078693299,0.285,0.115,0,"11","TULP3"
0,2.79237802568629,0.211,0.08,0,"11","GPM6B"
0,2.78582255110659,0.217,0.068,0,"11","FLCN"
0,2.69089013584689,0.329,0.113,0,"11","ZNF397"
0,2.67499569865835,0.394,0.169,0,"11","ERC1"
0,2.64677508339659,0.269,0.103,0,"11","NPC1"
0,2.62092127329695,0.241,0.112,0,"11","ZNF672"
0,2.59881804992645,0.2,0.084,0,"11","AGR3"
0,2.54871964850108,0.245,0.087,0,"11","FOXM1"
0,2.54848450540157,0.716,0.366,0,"11","FKBP4"
0,2.5011580623611,0.331,0.125,0,"11","HDAC9"
0,2.50073608660051,0.64,0.316,0,"11","ZBTB20"
0,2.50004529813339,0.318,0.159,0,"11","TMPRSS3"
0,2.49835632603836,0.422,0.189,0,"11","ELP2"
0,2.47550973054413,0.209,0.077,0,"11","AVIL"
0,2.42386638384265,0.603,0.246,0,"11","TUBA1A"
0,2.40871286180961,0.269,0.134,0,"11","ADIPOR2"
0,2.3796399513199,0.253,0.094,0,"11","MYRF"
0,2.35573593707041,0.764,0.323,0,"11","CRYAB"
0,2.34429140355164,0.274,0.123,0,"11","FGF18"
0,2.34339151482785,0.25,0.099,0,"11","RAP1GAP"
0,2.31914370580555,0.555,0.318,0,"11","DSG2"
0,2.31048475622762,0.547,0.314,0,"11","RIOK3"
0,2.29889575334344,0.215,0.11,0,"11","SCPEP1"
0,2.29335092578374,0.344,0.206,0,"11","TPGS2"
0,2.22663163358064,0.314,0.159,0,"11","RPRD1A"
0,2.21537153626296,0.225,0.126,0,"11","LTBP4"
0,2.18361206233231,0.574,0.314,0,"11","COL18A1"
0,6.88351717284769,0.854,0.018,0,"7","PLA2G2A"
0,6.68672258767642,0.434,0.005,0,"7","SERPINB4"
0,6.62210125030996,0.838,0.026,0,"7","PRG4"
0,6.49959493732522,0.346,0.002,0,"7","FDCSP"
0,6.4913034986127,0.672,0.015,0,"7","CXCL6"
0,6.32902352147757,0.339,0.004,0,"7","ITLN1"
0,6.30461909085991,0.471,0.003,0,"7","OGN"
0,6.2305233718495,0.853,0.036,0,"7","HP"
0,6.14308507038593,0.989,0.038,0,"7","COL3A1"
0,6.11922702465738,0.413,0.014,0,"7","LUM"
0,6.08019384215932,0.77,0.006,0,"7","VTN"
0,6.06349804594145,0.949,0.029,0,"7","EGFL6"
0,6.02525649165724,0.266,0.005,0,"7","CTSE"
0,6.00085022825224,0.231,0.002,0,"7","PRR9"
0,5.97567406756658,0.782,0.014,0,"7","DCN"
0,5.95239327697513,0.8,0.012,0,"7","PROCR"
0,5.93866667610291,0.474,0.004,0,"7","SBSN"
0,5.9274140933284,0.725,0.008,0,"7","CD248"
0,5.84762684673205,0.38,0.002,0,"7","BCHE"
0,5.82616257468231,0.368,0.005,0,"7","IL13RA2"
0,5.80431551737066,0.976,0.082,0,"7","RARRES2"
0,5.72170247000693,0.869,0.012,0,"7","CALB2"
0,5.68741699755361,0.677,0.008,0,"7","NDN"
0,5.63334922933603,0.938,0.026,0,"7","LOX"
0,5.61004770475384,0.231,0.002,0,"7","SERPINB3"
0,5.60460677886167,0.311,0.003,0,"7","CXCL14"
0,5.47274715057941,0.577,0.004,0,"7","RFLNA"
0,5.44403563657008,0.389,0.004,0,"7","TMEM151A"
0,5.43516062691586,0.452,0.003,0,"7","EPGN"
0,5.42626663823851,0.476,0.011,0,"7","IL6"
0,5.42537627537452,0.901,0.019,0,"7","PDPN"
0,5.42033876050128,0.547,0.013,0,"7","RBP4"
0,5.41611333080936,0.974,0.033,0,"7","PTGIS"
0,5.39707826486176,0.576,0.005,0,"7","MEDAG"
0,5.38540906182178,0.678,0.005,0,"7","C1QTNF1"
0,5.37298840666033,0.761,0.018,0,"7","DES"
0,5.31864681776655,0.439,0.005,0,"7","MRGPRF"
0,5.30614726468615,0.418,0.004,0,"7","ARSI"
0,5.30477187364344,0.24,0.002,0,"7","MGARP"
0,5.29741075214099,0.524,0.005,0,"7","RGS4"
0,5.27642137095798,0.737,0.018,0,"7","SERPINE1"
0,5.27523330527402,0.915,0.056,0,"7","IGFBP6"
0,5.24302317078007,0.969,0.07,0,"7","COL1A1"
0,5.22617575903442,0.315,0.003,0,"7","INMT"
0,5.22547004313524,0.709,0.045,0,"7","SERPINB2"
0,5.22293653221166,0.982,0.066,0,"7","COL1A2"
0,5.20575536884194,0.881,0.029,0,"7","AQP1"
0,5.17395252637416,0.405,0.005,0,"7","TDO2"
0,5.16867829279467,0.363,0.004,0,"7","FGF7"
0,5.14127251967866,0.284,0.006,0,"7","C11orf96"
0,4.92811011603946,0.606,0.135,0,"19","C12orf75"
0,3.8096383217722,0.281,0.082,0,"19","TMCC3"
0,3.64940040623738,0.269,0.094,0,"19","PROM1"
0,3.0231602360243,0.426,0.186,0,"19","MMP7"
0,2.77881235935787,0.203,0.12,0,"19","MACROD2"
0,2.62936130394034,0.574,0.386,0,"19","TALDO1"
0,2.55563094729967,0.563,0.306,0,"19","NUPR1"
0,2.50978991688985,0.277,0.204,0,"19","TXNRD1"
0,2.47790073527122,0.561,0.276,0,"19","S100A1"
0,2.22310995822674,0.965,0.805,0,"19","RPLP2"
0,2.21150101121545,0.635,0.204,0,"19","SAA1"
0,2.19449156619222,0.307,0.205,0,"19","ASRGL1"
0,2.11587560130412,0.23,0.16,0,"19","IRS2"
0,2.06539748854467,0.458,0.336,0,"19","CRYAB"
2.51478859958354e-09,2.04984261304105,0.22,0.201,4.62519919235405e-05,"19","RGS10"
0,1.91748243625352,0.316,0.111,0,"19","SAA2"
0,1.90002937514587,0.433,0.262,0,"19","GPX3"
0,1.89917378022918,0.947,0.789,0,"19","RPL27A"
0,1.84198715379424,0.845,0.686,0,"19","PPIA"
0,1.83781374094807,0.249,0.166,0,"19","IL32"
0.000285511191976173,1.81689325794447,0.215,0.219,1,"19","VTCN1"
0,1.79822205608833,0.879,0.668,0,"19","RPS13"
5.63105118089879e-13,1.7766022315889,0.316,0.32,1.03566293319091e-08,"19","PSMA1"
0,1.65544752610562,0.789,0.671,0,"19","RPS26"
0,1.63956040515637,0.907,0.729,0,"19","RPL7"
0,1.63745248993255,0.423,0.333,0,"19","CDKN2A"
0,1.63719412526417,0.509,0.462,0,"19","POLR2L"
7.29037719082726e-10,1.61000821408277,0.213,0.185,1.34084617293695e-05,"19","REV3L"
0,1.60783379115823,0.503,0.47,0,"19","HMGA1"
3.05154790325446e-10,1.6030748767858,0.247,0.226,5.6124069036656e-06,"19","SOX17"
0.0467923015119456,1.5611876488875,0.246,0.283,1,"19","VDAC3"
0,1.54935027723442,0.979,0.853,0,"19","RPS12"
0.0244514170637131,1.53825903943209,0.152,0.2,1,"19","GOLGA7"
1.60126170412056e-06,1.53191733420008,0.318,0.358,0.0294504052621853,"19","EIF3F"
0,1.52962192527797,0.885,0.742,0,"19","RPL6"
1.13260159029238e-08,1.52393465952322,0.334,0.367,0.000208308084486575,"19","SNRPF"
0,1.48939907821402,0.896,0.752,0,"19","RPL21"
7.77236208726606e-09,1.48086097012193,0.243,0.224,0.000142949283508997,"19","HMGB2"
0,1.48020051277245,0.964,0.818,0,"19","RPL29"
0.00585056238338781,1.47847992468958,0.181,0.249,1,"19","RSL24D1"
0.0362536592913571,1.44936285777979,0.221,0.302,1,"19","NSA2"
0.00155283627701326,1.44188250854987,0.187,0.266,1,"19","MMADHC"
1.08357767203415e-13,1.4352434083179,0.3,0.277,1.99291605440521e-09,"19","AKAP12"
0,1.43480767669177,0.454,0.466,0,"19","PEBP1"
0,1.41058934062802,0.527,0.508,0,"19","H2AFZ"
1.42085816690063e-06,1.3805085464904,0.366,0.437,0.0261324234056364,"19","PA2G4"
0,1.37673006875799,0.924,0.822,0,"19","RPS3A"
0.00342335106505098,1.37299193321154,0.296,0.343,1,"19","CD2AP"
1.77781349504097e-05,1.3673976356148,0.149,0.221,0.326975458007934,"19","CYB5A"
0,1.36720714036781,0.495,0.386,0,"19","SOD2"
0,7.21549043285382,0.311,0.01,0,"12","CRLF1"
0,6.13099693668059,0.388,0.023,0,"12","SFRP1"
0,4.8522769957883,0.232,0.026,0,"12","FGF9"
0,4.10982340649631,0.309,0.046,0,"12","AGR2"
0,4.0636788083936,0.44,0.107,0,"12","L1CAM"
0,3.9221274591962,0.322,0.062,0,"12","CLDN9"
0,3.84982197670637,0.477,0.114,0,"12","ACSL4"
0,3.80063712105441,0.327,0.064,0,"12","PCSK1N"
0,3.41785310909365,0.344,0.096,0,"12","SCD"
0,3.1384320528521,0.906,0.507,0,"12","SSR4"
0,3.02488957212656,0.257,0.083,0,"12","FAM107A"
0,2.9861271282866,0.324,0.131,0,"12","CADM1"
0,2.9761357022614,0.248,0.049,0,"12","SIX1"
0,2.92349326593808,0.495,0.222,0,"12","ITM2C"
0,2.92343767143892,0.413,0.201,0,"12","CHPF"
0,2.74716846839334,0.374,0.152,0,"12","CXCL17"
0,2.68866202816657,0.27,0.107,0,"12","ZNF117"
0,2.63492170800458,0.287,0.101,0,"12","AQP5"
0,2.59443128373407,0.223,0.109,0,"12","ABHD2"
0,2.54275825224719,0.202,0.094,0,"12","LPCAT1"
0,2.53022449539796,0.626,0.38,0,"12","APP"
0,2.52294888663878,0.518,0.306,0,"12","ATP6AP1"
0,2.5133834009294,0.31,0.153,0,"12","IGF1R"
0,2.50350323556473,0.264,0.14,0,"12","TPBG"
0,2.50248046397725,0.3,0.139,0,"12","FGFR1"
0,2.49430582266033,0.624,0.243,0,"12","BCAT1"
0,2.47688784963224,0.224,0.097,0,"12","SLC7A5"
0,2.42560631082052,0.366,0.188,0,"12","TMEM245"
0,2.37400838926744,0.24,0.12,0,"12","SOX9"
0,2.3683457391101,0.998,0.811,0,"12","WFDC2"
0,2.33928911549178,0.328,0.217,0,"12","CETN2"
0,2.31360713466951,0.219,0.149,0,"12","TSPAN6"
0,2.31053078902721,0.227,0.127,0,"12","PMEPA1"
0,2.30207561375513,0.229,0.129,0,"12","SEZ6L2"
0,2.24328589066195,0.309,0.191,0,"12","SLC38A10"
0,2.24095079737705,0.347,0.217,0,"12","MAGT1"
0,2.21834071880707,0.271,0.198,0,"12","DAP"
0,2.21674175447673,0.575,0.384,0,"12","HSBP1"
0,2.18237837816264,0.413,0.24,0,"12","METRN"
0,2.16634691122604,0.245,0.127,0,"12","ERV3-1"
0,2.12989123921028,0.294,0.182,0,"12","TOB1"
0,2.12632496745805,0.513,0.328,0,"12","BUD23"
0,2.11404123376215,0.316,0.194,0,"12","PGM2L1"
0,2.0825623250699,0.413,0.292,0,"12","ATRAID"
0,2.0746861710646,0.516,0.361,0,"12","COMMD6"
0,2.07132468751974,0.218,0.127,0,"12","CMC2"
0,2.04195457986509,0.284,0.163,0,"12","BEX2"
0,2.04172180494746,0.266,0.147,0,"12","BMP7"
0,2.00704273589834,0.226,0.166,0,"12","VBP1"
0,1.99013127552669,0.299,0.216,0,"12","VMA21"
0,3.37644266943486,0.248,0.024,0,"14","NCCRP1"
0,3.0770968212571,0.239,0.019,0,"14","MUC5B"
0,3.0141962875976,0.907,0.518,0,"14","CSDE1"
0,2.87248066721904,0.221,0.034,0,"14","ITGA2"
0,2.78625659516179,0.397,0.107,0,"14","CST6"
0,2.76713903697893,0.556,0.174,0,"14","NRAS"
0,2.48779607671645,0.241,0.032,0,"14","LRRTM1"
0,2.46440042246276,0.599,0.183,0,"14","POP4"
0,2.39541433386384,0.306,0.059,0,"14","FAM83A"
0,2.35003385424433,0.76,0.3,0,"14","GPRC5A"
0,2.26683197632309,0.416,0.095,0,"14","CAMK2N1"
0,2.26507333985825,0.666,0.191,0,"14","BCAS2"
0,2.23392389784038,0.605,0.178,0,"14","SIKE1"
0,2.22479706483886,0.423,0.153,0,"14","MALL"
0,2.15801249226413,0.272,0.092,0,"14","F3"
0,2.1179151133446,0.622,0.229,0,"14","TGM2"
0,2.01687010148319,0.768,0.297,0,"14","URI1"
0,1.9815447073511,0.453,0.115,0,"14","C19orf12"
0,1.94103589185738,0.325,0.083,0,"14","PLEKHF1"
0,1.92224410611164,0.854,0.386,0,"14","UQCRFS1"
0,1.84149859415709,0.533,0.182,0,"14","CTSC"
0,1.79736916800011,0.465,0.124,0,"14","NLRP2"
0,1.78768739772155,0.944,0.622,0,"14","LCN2"
0,1.77171127301078,0.36,0.084,0,"14","FOXQ1"
0,1.75485077014176,0.694,0.246,0,"14","SNCG"
0,1.72994290602917,0.283,0.071,0,"14","LEMD1"
0,1.72955241833868,0.313,0.087,0,"14","C15orf48"
0,1.7075232306576,0.263,0.053,0,"14","ADAM28"
0,1.67374853132995,0.407,0.184,0,"14","S100A2"
0,1.66422940890692,0.852,0.376,0,"14","KLK6"
0,1.65514784422152,0.249,0.066,0,"14","PTGES"
0,1.63691539316863,0.453,0.098,0,"14","PRSS22"
0,1.63557091596533,0.931,0.446,0,"14","TACSTD2"
0,1.60047816321509,0.308,0.073,0,"14","TMEM51"
0,1.59067902124095,0.729,0.285,0,"14","CRABP2"
0,1.59033097840971,0.754,0.348,0,"14","KLK7"
0,1.58903190770346,0.703,0.317,0,"14","S100A4"
0,1.58055931510745,0.57,0.185,0,"14","MUC4"
0,1.57739582476703,0.33,0.087,0,"14","C1orf116"
0,1.55640956086532,0.249,0.044,0,"14","DUSP4"
0,1.53962069577815,0.222,0.054,0,"14","AQP3"
0,1.53187275448064,0.696,0.258,0,"14","DSC2"
0,1.52560767069917,0.53,0.172,0,"14","TMEM256"
0,1.46663453889425,0.499,0.173,0,"14","CLDN6"
0,1.44106181125611,0.622,0.186,0,"14","NQO1"
0,1.42108835212473,0.348,0.107,0,"14","NMB"
0,1.41506138739918,0.28,0.091,0,"14","MESP1"
0,1.40828843626421,0.2,0.05,0,"14","PLLP"
0,1.39551005147897,0.239,0.048,0,"14","WDR72"
0,1.37815816837876,0.23,0.072,0,"14","LIPH"
0,4.40759721910775,0.571,0.033,0,"24","PQLC2L"
0,4.40483709027251,0.541,0.012,0,"24","SPESP1"
0,4.33801663091887,0.208,0.007,0,"24","GABBR2"
0,4.00416607764725,0.349,0.003,0,"24","GCK"
0,3.76099216015918,0.707,0.075,0,"24","PTGDS"
0,3.6930409295597,0.886,0.316,0,"24","ID1"
0,3.57689186731128,0.357,0.03,0,"24","AREG"
0,3.4074013739534,0.667,0.047,0,"24","CCNA1"
0,3.39128211210124,0.211,0.003,0,"24","LDHC"
0,3.38645723500379,0.432,0.01,0,"24","HOXD9"
0,3.38472639983254,0.2,0.015,0,"24","CA2"
0,3.36046546708802,0.698,0.031,0,"24","FAM71E1"
0,3.29298990535979,0.838,0.152,0,"24","ID3"
0,3.27985360711338,0.286,0.006,0,"24","ZFR2"
0,2.95269954160568,0.545,0.025,0,"24","PINX1"
0,2.85819220557073,0.851,0.253,0,"24","TAGLN"
0,2.72104603108691,0.21,0.006,0,"24","OBP2B"
0,2.69308158191286,0.84,0.151,0,"24","MYC"
0,2.65273786249115,0.904,0.203,0,"24","FHL2"
0,2.64633064224296,0.551,0.022,0,"24","TCF15"
0,2.62261952954416,0.343,0.029,0,"24","GAL"
0,2.58868098478263,0.393,0.024,0,"24","OBP2A"
0,2.55028865061612,0.886,0.131,0,"24","PDRG1"
0,2.54257116939445,0.56,0.024,0,"24","EPHX4"
0,2.54211720482466,0.962,0.327,0,"24","CDKN2A"
0,2.51491313706776,0.229,0.007,0,"24","ZNF556"
0,2.4935405074353,0.746,0.123,0,"24","NMU"
0,2.48280674794107,0.948,0.25,0,"24","EBNA1BP2"
0,2.46762429339725,0.429,0.015,0,"24","SYNGR3"
0,2.44966771646506,0.745,0.065,0,"24","CD3EAP"
0,2.42862099014731,0.978,0.441,0,"24","EIF5A"
0,2.4127229217582,0.44,0.014,0,"24","GPAT2"
0,2.38918927477626,0.717,0.083,0,"24","SUSD3"
0,2.37162841658155,0.912,0.232,0,"24","ANXA3"
0,2.3489790952037,0.269,0.014,0,"24","IGSF23"
0,2.33894336548526,0.205,0.007,0,"24","TENM1"
0,2.31116114890894,0.849,0.096,0,"24","THOC3"
0,2.29907702503986,0.789,0.182,0,"24","S100A2"
0,2.29834273064017,0.51,0.032,0,"24","HOXD8"
0,2.27645980538834,0.753,0.068,0,"24","POLR1E"
0,2.24872336747474,0.818,0.1,0,"24","TMOD1"
0,2.24332210885378,0.882,0.154,0,"24","RAB32"
0,2.21632898133749,0.283,0.025,0,"24","SERPINA5"
0,2.21051297744174,0.269,0.012,0,"24","FAM86B1"
0,2.20697544734068,0.927,0.295,0,"24","YWHAH"
0,2.19805101660295,0.234,0.014,0,"24","RBP2"
0,2.19156086458993,0.929,0.296,0,"24","TPM2"
0,2.18345530001829,0.851,0.128,0,"24","PSMG1"
0,2.18196991127137,0.427,0.024,0,"24","RASSF9"
0,2.161837065779,0.488,0.052,0,"24","IDO1"
0,6.7792010297715,0.724,0.033,0,"0","AOC1"
0,6.35667187751394,0.599,0.015,0,"0","LY6D"
0,5.73484165586705,0.736,0.046,0,"0","LYPD2"
0,5.41755391971867,0.4,0.011,0,"0","VSTM2L"
0,5.38837280128139,0.284,0.009,0,"0","UPK2"
0,5.19600440409767,0.528,0.039,0,"0","KRT16"
0,5.12715028555414,0.969,0.184,0,"0","KRT17"
0,4.76410995496483,0.246,0.007,0,"0","HLA-G"
0,4.42243053733451,0.433,0.019,0,"0","TNNT2"
0,4.23015131142972,0.482,0.06,0,"0","TMEM176A"
0,4.15583909354599,0.645,0.049,0,"0","MXRA8"
0,4.07307429319973,0.234,0.02,0,"0","KRT13"
0,4.04435599335352,0.356,0.032,0,"0","KRT4"
0,4.03063016122592,0.632,0.051,0,"0","CDC42EP5"
0,3.99132123679453,0.418,0.036,0,"0","DHRS9"
0,3.95933600073307,0.348,0.017,0,"0","CRISP3"
0,3.95235283118971,0.222,0.007,0,"0","SLITRK6"
0,3.92782729035614,0.521,0.07,0,"0","TMEM176B"
0,3.9104082400399,0.976,0.271,0,"0","MFGE8"
0,3.89535913271639,0.761,0.098,0,"0","CLIC3"
0,3.76319045680053,0.902,0.152,0,"0","MAL"
0,3.7101325406846,0.294,0.018,0,"0","FUT3"
0,3.70283959724227,0.606,0.072,0,"0","NDRG2"
0,3.66320106816798,0.44,0.03,0,"0","CEACAM6"
0,3.62939046424044,0.449,0.027,0,"0","PTK6"
0,3.51801900966008,0.22,0.018,0,"0","SFTA2"
0,3.31357468193077,0.313,0.03,0,"0","MAG"
0,3.30179349178443,0.482,0.051,0,"0","P2RY6"
0,3.289174269201,0.496,0.047,0,"0","NSG1"
0,3.28726216508175,0.265,0.022,0,"0","MFAP5"
0,3.28666588036724,0.294,0.024,0,"0","MUC15"
0,3.24087415327623,0.464,0.05,0,"0","C1orf116"
0,3.23086938692009,0.236,0.018,0,"0","BCAS1"
0,3.22056796450272,0.582,0.067,0,"0","MACROD2"
0,3.21332723739761,0.418,0.039,0,"0","MDFI"
0,3.19961892956309,0.881,0.199,0,"0","CAPS"
0,3.19567547504938,0.766,0.108,0,"0","AMN"
0,3.16373059379462,0.37,0.034,0,"0","SCGB1D2"
0,3.09821640278167,0.615,0.083,0,"0","B3GNT3"
0,3.06957722472739,0.228,0.022,0,"0","XAGE2"
0,3.06441873306407,0.709,0.088,0,"0","ADGRF1"
0,3.03978274352162,0.449,0.033,0,"0","SYT8"
0,3.01626606958243,0.841,0.166,0,"0","TSPAN1"
0,3.00422230548483,0.972,0.428,0,"0","LGALS3"
0,2.97675242636873,0.239,0.021,0,"0","FABP3"
0,2.90936605258983,0.395,0.039,0,"0","LIPH"
0,2.90763231780524,0.454,0.046,0,"0","DEPTOR"
0,2.88097775364586,0.226,0.02,0,"0","GPR87"
0,2.867976998474,0.47,0.066,0,"0","TRIM29"
0,2.85680734340791,0.464,0.05,0,"0","PDSS2"
0,3.77472924829984,0.258,0.013,0,"21","HIST1H1A"
0,2.67704843821481,0.569,0.088,0,"21","CDKN3"
0,2.51294385842299,0.855,0.184,0,"21","CENPF"
0,2.43003474694599,0.237,0.039,0,"21","S100A7"
0,2.42724544502132,0.547,0.063,0,"21","CCNB2"
0,2.41590690404584,0.312,0.032,0,"21","KIF20A"
0,2.32177440741218,0.382,0.039,0,"21","CENPA"
0,2.32143832137892,0.547,0.06,0,"21","CEP55"
0,2.31632999333968,0.393,0.039,0,"21","NEK2"
0,2.29412852727949,0.641,0.116,0,"21","CCNB1"
0,2.22536970635392,0.338,0.08,0,"21","CCNE1"
0,2.2219592790099,0.499,0.052,0,"21","KIF11"
0,2.21492788636453,0.667,0.112,0,"21","PCLAF"
0,2.21474397381754,0.35,0.036,0,"21","SPC25"
0,2.21331803990252,0.374,0.037,0,"21","CKAP2L"
0,2.19560706888265,0.781,0.137,0,"21","TPX2"
0,2.15626029993915,0.594,0.095,0,"21","CDK1"
0,2.14034148289553,0.47,0.053,0,"21","NUF2"
0,2.13312706944251,0.22,0.034,0,"21","LRRTM1"
0,2.12089921700238,0.289,0.027,0,"21","NCAPH"
0,2.10388809358932,0.458,0.047,0,"21","CDCA3"
0,2.10178490430732,0.543,0.074,0,"21","LMNB1"
0,2.08485148659001,0.352,0.041,0,"21","PBK"
0,2.04445138686754,0.266,0.027,0,"21","MND1"
0,2.04204886529643,0.343,0.045,0,"21","FAM83D"
0,2.03347714299159,0.228,0.026,0,"21","SKA3"
0,2.03324501679372,0.429,0.053,0,"21","HMMR"
0,2.02534437153887,0.48,0.058,0,"21","DLGAP5"
0,2.02427431679584,0.416,0.051,0,"21","PLK1"
0,2.02176796754184,0.468,0.055,0,"21","AURKB"
0,1.99028482368762,0.225,0.022,0,"21","CDC25C"
0,1.95760016650557,0.673,0.176,0,"21","PTTG1"
0,1.94358831262299,0.659,0.227,0,"21","HIST1H4C"
0,1.94012864747867,0.361,0.041,0,"21","KIF4A"
0,1.92320401428204,0.414,0.046,0,"21","BUB1"
0,1.91310741738559,0.602,0.111,0,"21","CDC20"
0,1.89947607093009,0.262,0.039,0,"21","NEURL1B"
0,1.88083271845856,0.575,0.093,0,"21","NUSAP1"
0,1.86812093500341,0.242,0.029,0,"21","CDCA2"
0,1.8671110260658,0.505,0.067,0,"21","KIFC1"
0,1.86560401531773,0.751,0.148,0,"21","UBE2C"
0,1.861237631958,0.658,0.188,0,"21","PCNA"
0,1.8608143401817,0.24,0.042,0,"21","SOX18"
0,1.8605726239951,0.741,0.156,0,"21","TOP2A"
0,1.83638529869286,0.822,0.242,0,"21","CKS1B"
0,1.81903272183408,0.372,0.051,0,"21","CENPM"
0,1.8189875197787,0.675,0.151,0,"21","CENPW"
0,1.8127436079362,0.739,0.138,0,"21","MKI67"
0,1.80783184177248,0.545,0.088,0,"21","UBE2T"
0,1.80577382287182,0.559,0.091,0,"21","ZWINT"
0,12.8248786127094,0.878,0,0,"33","ECSCR"
0,12.5299913021036,0.939,0.001,0,"33","CCL21"
0,12.5136920211735,0.49,0,0,"33","MYCT1"
0,12.3376191655493,0.776,0,0,"33","MMRN1"
0,11.8338120987448,0.265,0,0,"33","BMX"
0,11.2621864849338,0.714,0,0,"33","CLDN5"
0,10.650145933883,0.551,0,0,"33","ADGRL4"
0,10.5926885971471,0.735,0.001,0,"33","PROX1"
0,10.5890899323653,0.204,0,0,"33","STAB2"
0,9.95872008927942,0.469,0.001,0,"33","FABP4"
0,9.94870364683535,0.245,0,0,"33","SCN3A"
0,9.10425289985296,0.245,0,0,"33","EMCN"
0,9.09967413725237,0.388,0.001,0,"33","PCDH12"
0,8.97460827158139,0.306,0.001,0,"33","TSPAN11"
0,8.94994008325769,0.571,0.001,0,"33","FLT4"
0,8.51521521269823,0.816,0.003,0,"33","TIE1"
0,8.42978458801988,0.939,0.013,0,"33","TFPI"
0,8.42125270885305,0.673,0.004,0,"33","CALCRL"
0,8.40982231757649,0.633,0.002,0,"33","RHOJ"
0,8.19049227407217,0.837,0.026,0,"33","RAMP2"
0,8.17102079354023,0.694,0.004,0,"33","CDH5"
0,7.91364510452287,0.959,0.034,0,"33","GNG11"
0,7.88839083263198,0.429,0.001,0,"33","TMEM204"
0,7.84686583440801,0.245,0.001,0,"33","BCL6B"
0,7.72291763389817,0.571,0.003,0,"33","KANK3"
0,7.65803428438767,0.429,0.002,0,"33","GRAP"
0,7.64016678537982,0.939,0.031,0,"33","EGFL7"
0,7.49815984939672,0.367,0.003,0,"33","PDE2A"
0,7.42864060226399,0.204,0.001,0,"33","CDH13"
0,7.41283839453933,0.388,0.003,0,"33","SOX7"
0,7.40265589874216,0.204,0.002,0,"33","HSPA12B"
0,7.32929598345633,0.306,0.002,0,"33","ESAM"
0,7.21004339690717,0.367,0.004,0,"33","PGM5"
0,7.1966137145463,0.959,0.027,0,"33","TFF3"
0,7.1742729682528,0.408,0.004,0,"33","TBX1"
0,7.15459714463822,0.612,0.006,0,"33","LYVE1"
0,7.01443442262278,0.265,0.005,0,"33","NID1"
0,6.99025053585806,0.449,0.002,0,"33","GIMAP8"
0,6.86334278816201,0.327,0.003,0,"33","ZNF385D"
0,6.71538539299683,0.327,0.011,0,"33","OLFM1"
0,6.67720981344045,0.469,0.008,0,"33","ZNF521"
0,6.46801706416007,0.265,0.003,0,"33","SH2D3C"
0,6.40584745649957,0.347,0.005,0,"33","TMEM255B"
0,6.4027915588997,0.204,0.003,0,"33","COX7A1"
0,6.2919421303244,0.592,0.012,0,"33","RASGRP3"
0,6.2739677338758,0.204,0.003,0,"33","ROBO4"
0,6.26651583909559,0.306,0.006,0,"33","AFAP1L1"
0,6.24813220772606,0.204,0.003,0,"33","NRN1"
0,6.24560731949857,0.265,0.004,0,"33","ADAMTS4"
0,6.19140514872263,0.592,0.013,0,"33","LDB2"
0,6.90463176533922,0.349,0.005,0,"10","PDE4C"
0,5.4604342750757,0.229,0.008,0,"10","ZNF320"
0,5.36242681484698,0.201,0.007,0,"10","ABCF2"
0,5.24427799313162,0.81,0.109,0,"10","STARD3"
0,5.1885796373866,0.561,0.029,0,"10","CBS"
0,5.17652974766076,0.946,0.278,0,"10","ERBB2"
0,5.15197008844283,0.308,0.011,0,"10","CALB1"
0,5.1149036150724,0.492,0.021,0,"10","ZC3H11A"
0,4.93954947510316,0.622,0.057,0,"10","C11orf95"
0,4.90849371368732,0.217,0.008,0,"10","ST6GALNAC6"
0,4.84543414869422,0.882,0.191,0,"10","GRB7"
0,4.83511423150063,0.345,0.019,0,"10","HIST1H2BK"
0,4.80592019166096,0.211,0.009,0,"10","ATG9A"
0,4.7360112867487,0.617,0.054,0,"10","PTPRS"
0,4.59861997990652,0.557,0.054,0,"10","ASMTL"
0,4.52187184014247,0.339,0.022,0,"10","ERFE"
0,4.47059021519911,0.21,0.012,0,"10","ZBED6"
0,4.37966219359637,0.62,0.069,0,"10","PGAP3"
0,4.35144022990441,0.54,0.052,0,"10","FAM118A"
0,4.32291067975747,0.218,0.014,0,"10","ANKRD13B"
0,4.30609552581585,0.268,0.013,0,"10","POTEC"
0,4.29675716895509,0.855,0.2,0,"10","MARK2"
0,4.10761575395559,0.25,0.018,0,"10","VWCE"
0,4.06238948428858,0.33,0.023,0,"10","WDR97"
0,3.99944489887732,0.208,0.013,0,"10","NEFH"
0,3.99029592582429,0.797,0.128,0,"10","ALDOA"
0,3.97149862041963,0.587,0.077,0,"10","NAA40"
0,3.87961265271219,0.458,0.039,0,"10","SRCAP"
0,3.71981755645906,0.201,0.019,0,"10","ZBTB47"
0,3.71831429544051,0.206,0.019,0,"10","SLC26A7"
0,3.66839338693044,0.865,0.334,0,"10","MIEN1"
0,3.56928950691661,0.29,0.032,0,"10","EGLN2"
0,3.52018417330522,0.497,0.058,0,"10","MAPK15"
0,3.42613535760038,0.204,0.015,0,"10","LBHD1"
0,3.41643474130609,0.315,0.044,0,"10","PPP1R1B"
0,3.36443838733977,0.627,0.154,0,"10","PROM2"
0,3.3636745948764,0.303,0.038,0,"10","KCNN4"
0,3.34846221234614,0.32,0.034,0,"10","CLN3"
0,3.29869395226779,0.24,0.032,0,"10","CPAMD8"
0,3.27648721000508,0.373,0.045,0,"10","ATXN7"
0,3.27023831578942,0.244,0.027,0,"10","BOLA2-SMG1P6"
0,3.26191607167849,0.589,0.124,0,"10","LZTS3"
0,3.24009803723193,0.314,0.036,0,"10","MBOAT1"
0,3.23349393806917,0.649,0.175,0,"10","MUC4"
0,3.22858112931891,0.577,0.134,0,"10","KHDRBS3"
0,3.22851179383057,0.367,0.063,0,"10","AK1"
0,3.21001447355904,0.448,0.068,0,"10","COL27A1"
0,3.20866029894393,0.257,0.03,0,"10","PLIN5"
0,3.19025281193229,0.568,0.108,0,"10","ANKRD36"
0,3.16271946915467,0.502,0.086,0,"10","MEX3A"
0,9.60964352879127,0.47,0.001,0,"17","CNR1"
0,7.52731209897744,0.246,0.003,0,"17","SLC13A2"
0,7.15103796631869,0.314,0.004,0,"17","FAIM2"
0,6.7338895778564,0.29,0.007,0,"17","ACHE"
0,6.41205892599581,0.852,0.054,0,"17","CYP4F3"
0,6.34915347366641,0.21,0.003,0,"17","CST1"
0,5.93833890116876,0.479,0.014,0,"17","SGCD"
0,5.69704161049381,0.215,0.005,0,"17","SATB2"
0,5.55664256765144,0.265,0.016,0,"17","CREB3L1"
0,5.29130557631539,0.201,0.011,0,"17","PLVAP"
0,5.21087124128123,0.547,0.032,0,"17","HOXD1"
0,5.14733627800393,0.672,0.065,0,"17","TMC5"
0,4.6665621865369,0.297,0.02,0,"17","CACNB1"
0,4.63511068158899,0.428,0.024,0,"17","DMBT1"
0,4.54615123234441,0.788,0.093,0,"17","TSPYL2"
0,4.48737779210814,0.282,0.028,0,"17","ACPP"
0,4.4327112548686,0.815,0.167,0,"17","INTS6"
0,4.40235896234323,0.772,0.136,0,"17","INSR"
0,4.28356419430483,0.261,0.026,0,"17","DAAM2"
0,4.21932481642837,0.214,0.015,0,"17","ITGA7"
0,4.1686251399358,0.34,0.03,0,"17","CYP4X1"
0,4.16364661526207,0.49,0.046,0,"17","PPP1R1B"
0,4.13774139761871,0.56,0.065,0,"17","TTC39B"
0,3.95602693949799,0.424,0.037,0,"17","ANKDD1A"
0,3.90856779806854,0.217,0.019,0,"17","C2CD4B"
0,3.89660042241982,0.572,0.082,0,"17","DAPL1"
0,3.84868625783545,0.843,0.169,0,"17","CD44"
0,3.77017700420043,0.96,0.419,0,"17","DDX3X"
0,3.75683559165663,0.269,0.03,0,"17","TTLL7"
0,3.74270788577883,0.461,0.057,0,"17","CIITA"
0,3.70989071080978,0.286,0.054,0,"17","AQP3"
0,3.7047481053486,0.3,0.036,0,"17","GABBR1"
0,3.7023650785963,0.367,0.054,0,"17","KCNK6"
0,3.65995303589067,0.243,0.036,0,"17","ATG9B"
0,3.64714494529889,0.558,0.096,0,"17","AQP5"
0,3.63447723707264,0.693,0.149,0,"17","BCL6"
0,3.62568415764649,0.419,0.054,0,"17","ARHGAP30"
0,3.59244565299694,0.424,0.059,0,"17","SIX4"
0,3.57469083315226,0.291,0.037,0,"17","LPCAT4"
0,3.56603544444712,0.23,0.048,0,"17","CAPN13"
0,3.53719324616603,0.403,0.059,0,"17","GADD45G"
0,3.52454893266415,0.307,0.033,0,"17","HOXB9"
0,3.49923920716115,0.213,0.03,0,"17","CYP3A5"
0,3.49915667105545,0.546,0.077,0,"17","NR4A2"
0,3.40369314063227,0.386,0.056,0,"17","WDPCP"
0,3.4022236210438,0.607,0.121,0,"17","TIPARP"
0,3.36275861510131,0.288,0.04,0,"17","ARHGEF40"
0,3.33837765981504,0.742,0.169,0,"17","HOXB3"
0,3.33653740320918,0.466,0.046,0,"17","SIX1"
0,3.33466564818244,0.715,0.212,0,"17","WWTR1"
0,5.6822879873175,0.775,0.017,0,"20","REG1A"
0,4.80317797829942,0.392,0.007,0,"20","FOXD1"
0,3.88896610564991,0.711,0.037,0,"20","NXPH4"
0,3.27844796106269,0.298,0.017,0,"20","KCNB1"
0,3.27148243596776,0.214,0.012,0,"20","GSTA1"
0,3.20831818356749,0.538,0.019,0,"20","C10orf55"
0,3.19224890249824,0.846,0.127,0,"20","TGM1"
0,3.01606242054888,0.3,0.012,0,"20","GMNC"
0,2.71603363813957,0.443,0.043,0,"20","FNDC10"
0,2.67235441147647,0.36,0.024,0,"20","HSPA6"
0,2.65783802237571,0.224,0.018,0,"20","RARB"
0,2.60818914584189,0.629,0.069,0,"20","ANKRD33B"
0,2.59933570037376,0.695,0.079,0,"20","MGP"
0,2.58502848103168,0.931,0.232,0,"20","HSPA1A"
0,2.54559544793151,0.462,0.056,0,"20","PDK4"
0,2.54443551797946,0.668,0.094,0,"20","RIPK4"
0,2.50357695251827,0.649,0.071,0,"20","FAM43A"
0,2.45600966588089,0.569,0.061,0,"20","ATAD3C"
0,2.45125069232751,0.25,0.034,0,"20","EDN2"
0,2.44977234331847,0.385,0.053,0,"20","RRAD"
0,2.41830668209995,0.351,0.044,0,"20","GABRP"
0,2.35839783036477,0.525,0.061,0,"20","CDKN2C"
0,2.34736414588958,0.269,0.029,0,"20","METTL27"
0,2.33661522914626,0.256,0.028,0,"20","NRTN"
0,2.31521540848656,0.364,0.041,0,"20","OSR2"
0,2.29258560316217,0.549,0.082,0,"20","YBEY"
0,2.28011245507365,0.364,0.039,0,"20","F12"
0,2.21896486406945,0.649,0.053,0,"20","KRT81"
0,2.2136223331822,0.571,0.081,0,"20","PEX6"
0,2.20918777346229,0.238,0.025,0,"20","APOLD1"
0,2.17860946359057,0.841,0.179,0,"20","VPS13D"
0,2.16963770243642,0.872,0.255,0,"20","GPX3"
0,2.16219459868373,0.335,0.035,0,"20","NDUFA4L2"
0,2.12928692639743,0.269,0.024,0,"20","PCK1"
0,2.08738842945313,0.917,0.287,0,"20","DUSP1"
0,2.07068651984718,0.276,0.037,0,"20","MYCL"
0,2.06647633844149,0.669,0.158,0,"20","CITED2"
0,2.02962294085936,0.447,0.059,0,"20","TFCP2L1"
0,2.02604344935658,0.215,0.03,0,"20","IRX3"
0,2.01706351348912,0.53,0.087,0,"20","FAM110C"
0,2.00504175577501,0.671,0.119,0,"20","ETV4"
0,1.99516695065674,0.319,0.051,0,"20","SUSD2"
0,1.98834404219486,0.256,0.041,0,"20","HEY2"
0,1.98715328272812,0.388,0.055,0,"20","NCDN"
0,1.96856418227663,0.222,0.023,0,"20","UGT8"
0,1.960840193572,0.385,0.049,0,"20","KIF5C"
0,1.9601627888756,0.398,0.06,0,"20","GADD45G"
0,1.94708296681143,0.425,0.072,0,"20","B3GALNT1"
0,1.93868138288307,0.213,0.025,0,"20","FBXO41"
0,1.92061581289003,0.3,0.026,0,"20","ANKRD18A"
0,5.52979204870777,0.805,0.024,0,"16","S100A7"
0,3.96669237211321,0.568,0.023,0,"16","ADGRG2"
0,3.76320972695847,0.373,0.015,0,"16","ZNF486"
0,3.56466662929327,0.365,0.027,0,"16","C10orf99"
0,3.53597784937054,0.298,0.017,0,"16","LY6G6C"
0,3.40605330711139,0.999,0.365,0,"16","S100A9"
0,3.22878331442125,0.816,0.135,0,"16","S100A8"
0,3.17959566697128,0.969,0.233,0,"16","ADIRF"
0,3.0310482508694,0.438,0.036,0,"16","SOX18"
0,2.9169436272642,0.225,0.029,0,"16","PIFO"
0,2.91306441453885,0.487,0.041,0,"16","CRABP1"
0,2.78129716626363,0.716,0.089,0,"16","FAM3B"
0,2.70398831486599,0.366,0.05,0,"16","IDO1"
0,2.61234865010409,0.988,0.408,0,"16","HEBP2"
0,2.54396885800604,0.206,0.02,0,"16","PPIL6"
0,2.53799133712035,0.883,0.14,0,"16","CXCL17"
0,2.53468337854198,0.233,0.05,0,"16","CCNO"
0,2.44422924877172,0.571,0.032,0,"16","DPEP3"
0,2.42148480832665,0.341,0.031,0,"16","HOXD8"
0,2.39037260043649,0.252,0.019,0,"16","BATF"
0,2.36867202723754,0.282,0.035,0,"16","MYCL"
0,2.2970343550173,0.447,0.06,0,"16","DUSP10"
0,2.28039280262917,0.681,0.124,0,"16","THSD4"
0,2.26781622903954,0.97,0.386,0,"16","MDH2"
0,2.24945908681542,0.32,0.043,0,"16","GABRP"
0,2.22787433146986,0.391,0.043,0,"16","FBXO6"
0,2.21595117377183,0.83,0.171,0,"16","FBXO21"
0,2.20817494963569,0.503,0.082,0,"16","FOXQ1"
0,2.20464290642466,0.484,0.067,0,"16","LEMD1"
0,2.20313589414767,0.986,0.308,0,"16","MX1"
0,2.18978823326165,0.992,0.511,0,"16","CSTB"
0,2.16071078954187,1,0.797,0,"16","RPS4X"
0,2.15278105335986,0.202,0.035,0,"16","FOXJ1"
0,2.14384545752144,0.851,0.169,0,"16","KRTCAP3"
0,2.14298566601022,0.931,0.225,0,"16","GAS6"
0,2.13053438022749,0.868,0.196,0,"16","SAA1"
0,2.12409893712878,0.253,0.037,0,"16","RSPH1"
0,2.06804801717724,0.631,0.085,0,"16","GLIPR2"
0,2.06781626084417,0.413,0.049,0,"16","ACSL5"
0,2.06332228896691,0.258,0.034,0,"16","SORBS1"
0,2.03768515649,0.311,0.027,0,"16","HOXD4"
0,1.99626887037701,0.55,0.079,0,"16","CCDC117"
0,1.97076284489731,0.6,0.112,0,"16","TCEA3"
0,1.96086265708948,0.477,0.07,0,"16","NUDT2"
0,1.94365305906446,0.278,0.043,0,"16","CKMT1A"
0,1.91646988236936,0.832,0.244,0,"16","SNCG"
0,1.91477035846343,0.735,0.149,0,"16","DECR1"
0,1.90105993892145,0.703,0.178,0,"16","MMP7"
0,1.90068484460179,0.254,0.037,0,"16","BST1"
0,1.8997768012148,0.932,0.237,0,"16","FXYD3"
0,5.87633366752681,0.366,0.003,0,"28","SCGB1A1"
0,4.60599804164772,0.208,0.005,0,"28","IGFL1"
0,4.27749345321052,0.215,0.006,0,"28","DEFB4A"
0,3.50308184773307,0.228,0.005,0,"28","DHRS2"
0,3.43464838787056,0.329,0.011,0,"28","PAX2"
0,3.38927439073209,0.319,0.006,0,"28","FLG"
0,2.95991263144033,0.339,0.029,0,"28","NCCRP1"
0,2.9243660007215,0.218,0.013,0,"28","TMEM100"
0,2.91275128387643,0.936,0.18,0,"28","TMEM256"
0,2.6863489222741,0.218,0.025,0,"28","LYPD3"
0,2.6427742727529,0.987,0.149,0,"28","S100A8"
0,2.54215322602677,0.201,0.02,0,"28","CDA"
0,2.42488210928127,0.758,0.04,0,"28","S100A7"
0,2.38425809610467,0.346,0.038,0,"28","FGF11"
0,2.29780760532922,0.738,0.147,0,"28","PITPNA"
0,2.24899435668703,0.208,0.028,0,"28","HES2"
0,2.19469458139423,0.876,0.196,0,"28","NQO1"
0,2.18515322813809,0.581,0.041,0,"28","KRT13"
0,2.13946125413425,0.232,0.03,0,"28","EGFL7"
0,2.12786433200886,0.983,0.256,0,"28","SNCG"
0,2.08999689031807,0.393,0.073,0,"28","TMEM102"
0,2.0794153498302,0.977,0.284,0,"28","KLK10"
0,2.03853361490285,0.678,0.131,0,"28","NLRP2"
0,1.9882652824699,0.399,0.076,0,"28","LHPP"
0,1.97980662052643,1,0.378,0,"28","S100A9"
0,1.97573903138367,0.208,0.034,0,"28","ST6GALNAC5"
0,1.95209018713491,0.255,0.049,0,"28","RASIP1"
0,1.88165355343145,0.443,0.089,0,"28","MACROD1"
0,1.87754376859444,0.624,0.146,0,"28","GLMP"
0,1.8643913550117,0.218,0.042,0,"28","MYEOV"
0,1.85732745708406,0.876,0.101,0,"28","CALML5"
0,1.85528966281583,0.919,0.261,0,"28","KLK8"
0,1.8506257867908,0.728,0.161,0,"28","KCNK15"
0,1.82046137884268,0.403,0.086,0,"28","INPP5K"
0,1.79552550327317,0.285,0.053,0,"28","WDR72"
0,1.78427391197036,0.695,0.114,0,"28","RIC3"
0,1.78299790196938,0.228,0.027,0,"28","DOC2B"
0,1.77365529118455,0.225,0.024,0,"28","MUC5B"
0,1.74981677799139,0.534,0.129,0,"28","STX8"
0,1.73953067740877,0.856,0.271,0,"28","TMEM141"
0,1.73730637660457,0.228,0.049,0,"28","CYB5R2"
0,1.73319795045765,0.289,0.053,0,"28","SOD3"
0,1.72298362756916,0.916,0.122,0,"28","RARRES2"
0,1.72047374545313,0.503,0.127,0,"28","TIMM22"
0,1.71570419024976,0.56,0.104,0,"28","AKR1B1"
0,1.71026649261544,0.822,0.219,0,"28","CRK"
0,1.70667943486761,0.403,0.081,0,"28","WDR24"
0,1.68685425630666,0.487,0.112,0,"28","NMB"
0,1.68618498920405,0.99,0.547,0,"28","YWHAE"
0,1.68442204091488,0.812,0.149,0,"28","IL4I1"
0,8.48063538590612,0.569,0.001,0,"26","PAGE5"
0,7.38723185760165,0.58,0.002,0,"26","PAGE2B"
0,7.28921510641856,0.321,0.002,0,"26","MYL4"
0,6.40687355702179,0.535,0.004,0,"26","COMP"
0,6.12397277492682,0.496,0.002,0,"26","COX7B2"
0,5.83665061755821,0.213,0.001,0,"26","DLK1"
0,5.48551373583295,0.787,0.043,0,"26","S100P"
0,5.40629336272189,0.205,0.002,0,"26","KRT6B"
0,5.25313171833092,0.246,0.001,0,"26","PLPPR3"
0,5.2312029921578,0.418,0.002,0,"26","NKX2-5"
0,5.22116751657787,0.336,0.009,0,"26","S100A12"
0,5.10824428907008,0.305,0.003,0,"26","CRMP1"
0,5.00272797591499,0.239,0.001,0,"26","GCGR"
0,4.99578444673617,0.284,0.004,0,"26","XAGE5"
0,4.88115500923931,0.231,0.005,0,"26","C6orf15"
0,4.80743386800585,0.342,0.003,0,"26","DPP6"
0,4.76825265170748,0.863,0.014,0,"26","EEF1A2"
0,4.65953720831951,0.283,0.008,0,"26","INHBA"
0,4.61149316310729,0.62,0.015,0,"26","TUBB2B"
0,4.60823267290453,0.279,0.004,0,"26","SOX2"
0,4.58790597253708,0.766,0.147,0,"26","S100A8"
0,4.49484685003362,0.204,0.001,0,"26","RASL12"
0,4.21686917326916,0.431,0.04,0,"26","S100A7"
0,4.18089015534859,0.2,0.005,0,"26","CEACAM5"
0,4.14674460465868,0.544,0.005,0,"26","PPP2R2C"
0,4.11362176823686,0.342,0.003,0,"26","SEZ6"
0,4.09924150921499,0.305,0.005,0,"26","AKR1B15"
0,4.06337121950931,0.88,0.059,0,"26","CTSV"
0,3.88171147163521,0.355,0.008,0,"26","NKAIN4"
0,3.84709140496841,0.229,0.002,0,"26","MATN3"
0,3.8031531508624,0.645,0.017,0,"26","WNT11"
0,3.77985305805328,0.716,0.028,0,"26","MLLT11"
0,3.75527343299029,0.354,0.005,0,"26","PCSK6"
0,3.72230064547221,0.415,0.032,0,"26","PSCA"
0,3.71439650199938,0.247,0.003,0,"26","POPDC3"
0,3.70968056482446,0.942,0.089,0,"26","NSG1"
0,3.70665840936103,0.934,0.108,0,"26","NMB"
0,3.662351915857,0.22,0.006,0,"26","RHCG"
0,3.64021500522427,0.546,0.021,0,"26","LMO3"
0,3.62722897627363,0.208,0.003,0,"26","FRRS1L"
0,3.61825577321636,0.202,0.005,0,"26","ZG16B"
0,3.58789389634723,0.229,0.008,0,"26","GABBR2"
0,3.54684682142088,0.368,0.006,0,"26","MAPT"
0,3.4622875801291,0.813,0.11,0,"26","CST6"
0,3.39928270516719,0.851,0.133,0,"26","DEFB1"
0,3.33542665631703,0.54,0.021,0,"26","OLFML2A"
0,3.32864324309784,0.556,0.026,0,"26","SEMA3E"
0,3.31118137492694,0.207,0.009,0,"26","ATP6V0A4"
0,3.26499279830039,0.313,0.007,0,"26","RAB3B"
0,3.24595387607585,0.26,0.017,0,"26","CCL20"
